origin(province),origin(city),terminal(province),terminal(city),traffic
경기도,화성시,서울,종로구,1341
경기도,화성시,서울,중구,4310
경기도,화성시,서울,용산구,998
경기도,화성시,서울,성동구,304
경기도,화성시,서울,광진구,2968
경기도,화성시,서울,동대문구,956
경기도,화성시,서울,중랑구,1504
경기도,화성시,서울,성북구,3597
경기도,화성시,서울,강북구,156
경기도,화성시,서울,도봉구,204
경기도,화성시,서울,노원구,1015
경기도,화성시,서울,은평구,1373
경기도,화성시,서울,서대문구,365
경기도,화성시,서울,마포구,1682
경기도,화성시,서울,양천구,1427
경기도,화성시,서울,강서구,583
경기도,화성시,서울,구로구,3908
경기도,화성시,서울,금천구,5767
경기도,화성시,서울,영등포구,2579
경기도,화성시,서울,동작구,1264
경기도,화성시,서울,관악구,2309
경기도,화성시,서울,서초구,16703
경기도,화성시,서울,강남구,9710
경기도,화성시,서울,송파구,2367
경기도,화성시,서울,강동구,857
경기도,화성시,인천,중구,693
경기도,화성시,인천,동구,217
경기도,화성시,인천,미추홀구,2947
경기도,화성시,인천,연수구,3246
경기도,화성시,인천,남동구,4540
경기도,화성시,인천,부평구,2336
경기도,화성시,인천,계양구,1407
경기도,화성시,인천,서구,2025
경기도,화성시,인천,옹진군,5
경기도,화성시,경기도,수원시,161667
경기도,화성시,경기도,성남시,9688
경기도,화성시,경기도,의정부시,357
경기도,화성시,경기도,안양시,10144
경기도,화성시,경기도,부천시,2708
경기도,화성시,경기도,광명시,2328
경기도,화성시,경기도,평택시,20942
경기도,화성시,경기도,안산시,30690
경기도,화성시,경기도,고양시,1475
경기도,화성시,경기도,과천시,2059
경기도,화성시,경기도,구리시,1037
경기도,화성시,경기도,남양주시,849
경기도,화성시,경기도,오산시,42681
경기도,화성시,경기도,시흥시,8836
경기도,화성시,경기도,군포시,5648
경기도,화성시,경기도,의왕시,3831
경기도,화성시,경기도,하남시,315
경기도,화성시,경기도,용인시,38427
경기도,화성시,경기도,파주시,550
경기도,화성시,경기도,이천시,996
경기도,화성시,경기도,안성시,4347
경기도,화성시,경기도,김포시,899
경기도,화성시,경기도,화성시,1176646
경기도,화성시,경기도,광주시,2016
경기도,화성시,경기도,양주시,177
경기도,화성시,경기도,포천시,1
경기도,화성시,경기도,여주시,185
경기도,화성시,경기도,연천군,29
경기도,화성시,경기도,양평군,937
경기도,하남시,서울,종로구,2860
경기도,하남시,서울,중구,2135
경기도,하남시,서울,용산구,743
경기도,하남시,서울,성동구,800
경기도,하남시,서울,광진구,7026
경기도,하남시,서울,동대문구,5347
경기도,하남시,서울,중랑구,3640
경기도,하남시,서울,성북구,2678
경기도,하남시,서울,강북구,2468
경기도,하남시,서울,도봉구,698
경기도,하남시,서울,노원구,3248
경기도,하남시,서울,은평구,853
경기도,하남시,서울,서대문구,226
경기도,하남시,서울,마포구,534
경기도,하남시,서울,양천구,141
경기도,하남시,서울,강서구,294
경기도,하남시,서울,구로구,37
경기도,하남시,서울,금천구,539
경기도,하남시,서울,영등포구,1190
경기도,하남시,서울,동작구,773
경기도,하남시,서울,관악구,360
경기도,하남시,서울,서초구,4049
경기도,하남시,서울,강남구,10048
경기도,하남시,서울,송파구,22025
경기도,하남시,서울,강동구,47927
경기도,하남시,인천,중구,42
경기도,하남시,인천,동구,348
경기도,하남시,인천,미추홀구,118
경기도,하남시,인천,남동구,8
경기도,하남시,인천,부평구,17
경기도,하남시,인천,계양구,67
경기도,하남시,인천,서구,1353
경기도,하남시,인천,옹진군,13
경기도,하남시,경기도,수원시,512
경기도,하남시,경기도,성남시,8200
경기도,하남시,경기도,의정부시,2650
경기도,하남시,경기도,안양시,808
경기도,하남시,경기도,부천시,41
경기도,하남시,경기도,광명시,84
경기도,하남시,경기도,평택시,2819
경기도,하남시,경기도,동두천시,56
경기도,하남시,경기도,안산시,508
경기도,하남시,경기도,고양시,2762
경기도,하남시,경기도,과천시,410
경기도,하남시,경기도,구리시,3576
경기도,하남시,경기도,남양주시,16562
경기도,하남시,경기도,오산시,289
경기도,하남시,경기도,시흥시,148
경기도,하남시,경기도,군포시,262
경기도,하남시,경기도,의왕시,284
경기도,하남시,경기도,하남시,256551
경기도,하남시,경기도,용인시,987
경기도,하남시,경기도,파주시,955
경기도,하남시,경기도,이천시,881
경기도,하남시,경기도,안성시,453
경기도,하남시,경기도,김포시,10
경기도,하남시,경기도,화성시,333
경기도,하남시,경기도,광주시,9093
경기도,하남시,경기도,양주시,154
경기도,하남시,경기도,포천시,974
경기도,하남시,경기도,여주시,137
경기도,하남시,경기도,양평군,1273
경기도,포천시,서울,종로구,104
경기도,포천시,서울,중구,239
경기도,포천시,서울,성동구,838
경기도,포천시,서울,광진구,245
경기도,포천시,서울,동대문구,384
경기도,포천시,서울,중랑구,2288
경기도,포천시,서울,성북구,2243
경기도,포천시,서울,강북구,3974
경기도,포천시,서울,도봉구,1458
경기도,포천시,서울,노원구,5833
경기도,포천시,서울,서대문구,12
경기도,포천시,서울,마포구,19
경기도,포천시,서울,강서구,90
경기도,포천시,서울,구로구,11
경기도,포천시,서울,금천구,11
경기도,포천시,서울,영등포구,800
경기도,포천시,서울,동작구,3
경기도,포천시,서울,서초구,120
경기도,포천시,서울,강남구,283
경기도,포천시,서울,송파구,768
경기도,포천시,서울,강동구,1195
경기도,포천시,인천,미추홀구,56
경기도,포천시,인천,남동구,25
경기도,포천시,인천,부평구,295
경기도,포천시,인천,계양구,159
경기도,포천시,인천,서구,1
경기도,포천시,경기도,수원시,1765
경기도,포천시,경기도,성남시,156
경기도,포천시,경기도,의정부시,15140
경기도,포천시,경기도,안양시,15
경기도,포천시,경기도,광명시,193
경기도,포천시,경기도,평택시,945
경기도,포천시,경기도,동두천시,1428
경기도,포천시,경기도,안산시,21
경기도,포천시,경기도,고양시,3276
경기도,포천시,경기도,구리시,157
경기도,포천시,경기도,남양주시,7619
경기도,포천시,경기도,오산시,1036
경기도,포천시,경기도,시흥시,7
경기도,포천시,경기도,군포시,24
경기도,포천시,경기도,의왕시,106
경기도,포천시,경기도,하남시,841
경기도,포천시,경기도,용인시,4
경기도,포천시,경기도,파주시,802
경기도,포천시,경기도,안성시,1024
경기도,포천시,경기도,김포시,778
경기도,포천시,경기도,광주시,171
경기도,포천시,경기도,양주시,5311
경기도,포천시,경기도,포천시,280802
경기도,포천시,경기도,여주시,329
경기도,포천시,경기도,연천군,430
경기도,포천시,경기도,가평군,342
경기도,포천시,경기도,양평군,2714
경기도,평택시,서울,종로구,469
경기도,평택시,서울,중구,1244
경기도,평택시,서울,용산구,613
경기도,평택시,서울,성동구,387
경기도,평택시,서울,광진구,367
경기도,평택시,서울,동대문구,909
경기도,평택시,서울,중랑구,7
경기도,평택시,서울,성북구,710
경기도,평택시,서울,강북구,52
경기도,평택시,서울,도봉구,470
경기도,평택시,서울,노원구,831
경기도,평택시,서울,은평구,162
경기도,평택시,서울,서대문구,175
경기도,평택시,서울,마포구,630
경기도,평택시,서울,양천구,562
경기도,평택시,서울,강서구,598
경기도,평택시,서울,구로구,553
경기도,평택시,서울,금천구,982
경기도,평택시,서울,영등포구,3843
경기도,평택시,서울,동작구,920
경기도,평택시,서울,관악구,657
경기도,평택시,서울,서초구,894
경기도,평택시,서울,강남구,1779
경기도,평택시,서울,송파구,220
경기도,평택시,서울,강동구,588
경기도,평택시,인천,중구,729
경기도,평택시,인천,동구,38
경기도,평택시,인천,미추홀구,224
경기도,평택시,인천,연수구,372
경기도,평택시,인천,남동구,458
경기도,평택시,인천,부평구,407
경기도,평택시,인천,계양구,376
경기도,평택시,인천,서구,137
경기도,평택시,인천,옹진군,10
경기도,평택시,경기도,수원시,18928
경기도,평택시,경기도,성남시,1632
경기도,평택시,경기도,의정부시,220
경기도,평택시,경기도,안양시,2016
경기도,평택시,경기도,부천시,1009
경기도,평택시,경기도,광명시,792
경기도,평택시,경기도,평택시,987069
경기도,평택시,경기도,동두천시,1086
경기도,평택시,경기도,안산시,4751
경기도,평택시,경기도,고양시,1535
경기도,평택시,경기도,과천시,181
경기도,평택시,경기도,구리시,500
경기도,평택시,경기도,남양주시,763
경기도,평택시,경기도,오산시,34387
경기도,평택시,경기도,시흥시,5151
경기도,평택시,경기도,군포시,1070
경기도,평택시,경기도,의왕시,565
경기도,평택시,경기도,하남시,1179
경기도,평택시,경기도,용인시,5450
경기도,평택시,경기도,파주시,1546
경기도,평택시,경기도,이천시,790
경기도,평택시,경기도,안성시,20079
경기도,평택시,경기도,김포시,105
경기도,평택시,경기도,화성시,21062
경기도,평택시,경기도,광주시,944
경기도,평택시,경기도,포천시,1196
경기도,평택시,경기도,여주시,163
경기도,파주시,서울,종로구,3657
경기도,파주시,서울,중구,4436
경기도,파주시,서울,용산구,1115
경기도,파주시,서울,성동구,963
경기도,파주시,서울,광진구,150
경기도,파주시,서울,동대문구,266
경기도,파주시,서울,중랑구,54
경기도,파주시,서울,성북구,3171
경기도,파주시,서울,강북구,278
경기도,파주시,서울,도봉구,584
경기도,파주시,서울,노원구,519
경기도,파주시,서울,은평구,5668
경기도,파주시,서울,서대문구,4314
경기도,파주시,서울,마포구,7433
경기도,파주시,서울,양천구,1344
경기도,파주시,서울,강서구,5468
경기도,파주시,서울,구로구,976
경기도,파주시,서울,금천구,1473
경기도,파주시,서울,영등포구,3573
경기도,파주시,서울,동작구,1391
경기도,파주시,서울,관악구,149
경기도,파주시,서울,서초구,3233
경기도,파주시,서울,강남구,2361
경기도,파주시,서울,송파구,1326
경기도,파주시,서울,강동구,320
경기도,파주시,인천,중구,771
경기도,파주시,인천,미추홀구,1084
경기도,파주시,인천,연수구,593
경기도,파주시,인천,남동구,2212
경기도,파주시,인천,부평구,1385
경기도,파주시,인천,계양구,2267
경기도,파주시,인천,서구,1573
경기도,파주시,인천,강화군,2
경기도,파주시,인천,옹진군,6
경기도,파주시,경기도,수원시,4640
경기도,파주시,경기도,성남시,1200
경기도,파주시,경기도,의정부시,1108
경기도,파주시,경기도,안양시,725
경기도,파주시,경기도,부천시,7691
경기도,파주시,경기도,광명시,1038
경기도,파주시,경기도,평택시,1707
경기도,파주시,경기도,동두천시,843
경기도,파주시,경기도,안산시,1858
경기도,파주시,경기도,고양시,86600
경기도,파주시,경기도,구리시,412
경기도,파주시,경기도,남양주시,565
경기도,파주시,경기도,오산시,5
경기도,파주시,경기도,시흥시,629
경기도,파주시,경기도,군포시,1923
경기도,파주시,경기도,의왕시,261
경기도,파주시,경기도,하남시,48
경기도,파주시,경기도,용인시,2946
경기도,파주시,경기도,파주시,701432
경기도,파주시,경기도,이천시,23
경기도,파주시,경기도,안성시,330
경기도,파주시,경기도,김포시,10902
경기도,파주시,경기도,화성시,498
경기도,파주시,경기도,광주시,15
경기도,파주시,경기도,양주시,1510
경기도,파주시,경기도,포천시,938
경기도,파주시,경기도,연천군,1259
경기도,파주시,경기도,가평군,25
서울,중랑구,서울,종로구,12246
서울,중랑구,서울,중구,16976
서울,중랑구,서울,용산구,3080
서울,중랑구,서울,성동구,14116
서울,중랑구,서울,광진구,24912
서울,중랑구,서울,동대문구,39342
서울,중랑구,서울,중랑구,409493
서울,중랑구,서울,성북구,9075
서울,중랑구,서울,강북구,6719
서울,중랑구,서울,도봉구,7994
서울,중랑구,서울,노원구,32531
서울,중랑구,서울,은평구,2754
서울,중랑구,서울,서대문구,1373
서울,중랑구,서울,마포구,4803
서울,중랑구,서울,양천구,297
서울,중랑구,서울,강서구,1390
서울,중랑구,서울,구로구,2715
서울,중랑구,서울,금천구,1456
서울,중랑구,서울,영등포구,3395
서울,중랑구,서울,동작구,2849
서울,중랑구,서울,관악구,1647
서울,중랑구,서울,서초구,9749
서울,중랑구,서울,강남구,28180
서울,중랑구,서울,송파구,12417
서울,중랑구,서울,강동구,3210
서울,중랑구,인천,동구,147
서울,중랑구,인천,미추홀구,82
서울,중랑구,인천,연수구,47
서울,중랑구,인천,남동구,195
서울,중랑구,인천,부평구,248
서울,중랑구,인천,계양구,95
서울,중랑구,인천,서구,1378
서울,중랑구,인천,옹진군,1
서울,중랑구,경기도,수원시,456
서울,중랑구,경기도,성남시,4009
서울,중랑구,경기도,의정부시,4322
서울,중랑구,경기도,안양시,1992
서울,중랑구,경기도,부천시,1305
서울,중랑구,경기도,광명시,298
서울,중랑구,경기도,평택시,60
서울,중랑구,경기도,동두천시,121
서울,중랑구,경기도,안산시,2246
서울,중랑구,경기도,고양시,702
서울,중랑구,경기도,구리시,22491
서울,중랑구,경기도,남양주시,24183
서울,중랑구,경기도,오산시,187
서울,중랑구,경기도,시흥시,65
서울,중랑구,경기도,군포시,511
서울,중랑구,경기도,하남시,3431
서울,중랑구,경기도,용인시,1208
서울,중랑구,경기도,파주시,250
서울,중랑구,경기도,이천시,759
서울,중랑구,경기도,김포시,107
서울,중랑구,경기도,화성시,1217
서울,중랑구,경기도,광주시,1066
서울,중랑구,경기도,양주시,210
서울,중랑구,경기도,포천시,2016
서울,중랑구,경기도,여주시,29
서울,중랑구,경기도,가평군,908
서울,중랑구,경기도,양평군,2125
인천,중구,서울,종로구,973
인천,중구,서울,중구,1537
인천,중구,서울,용산구,1026
인천,중구,서울,성동구,162
인천,중구,서울,광진구,1146
인천,중구,서울,동대문구,649
인천,중구,서울,성북구,897
인천,중구,서울,강북구,282
인천,중구,서울,도봉구,88
인천,중구,서울,노원구,467
인천,중구,서울,은평구,4593
인천,중구,서울,서대문구,1271
인천,중구,서울,마포구,1951
인천,중구,서울,양천구,4258
인천,중구,서울,강서구,7546
인천,중구,서울,구로구,4218
인천,중구,서울,금천구,1688
인천,중구,서울,영등포구,3718
인천,중구,서울,동작구,2694
인천,중구,서울,관악구,918
인천,중구,서울,서초구,325
인천,중구,서울,강남구,1437
인천,중구,서울,송파구,1536
인천,중구,인천,중구,165973
인천,중구,인천,동구,14958
인천,중구,인천,미추홀구,43595
인천,중구,인천,연수구,24512
인천,중구,인천,남동구,22077
인천,중구,인천,부평구,12482
인천,중구,인천,계양구,10963
인천,중구,인천,서구,20847
인천,중구,인천,강화군,487
인천,중구,인천,옹진군,781
인천,중구,경기도,수원시,2514
인천,중구,경기도,성남시,873
인천,중구,경기도,의정부시,579
인천,중구,경기도,안양시,2298
인천,중구,경기도,부천시,6048
인천,중구,경기도,광명시,1276
인천,중구,경기도,평택시,790
인천,중구,경기도,안산시,2676
인천,중구,경기도,고양시,5882
인천,중구,경기도,과천시,132
인천,중구,경기도,구리시,143
인천,중구,경기도,남양주시,201
인천,중구,경기도,오산시,295
인천,중구,경기도,시흥시,846
인천,중구,경기도,군포시,56
인천,중구,경기도,의왕시,322
인천,중구,경기도,하남시,32
인천,중구,경기도,용인시,977
인천,중구,경기도,파주시,709
인천,중구,경기도,이천시,569
인천,중구,경기도,안성시,217
인천,중구,경기도,김포시,4083
인천,중구,경기도,화성시,848
인천,중구,경기도,광주시,129
인천,중구,경기도,양주시,224
인천,중구,경기도,여주시,60
인천,중구,경기도,연천군,6
인천,중구,경기도,양평군,24
서울,중구,서울,종로구,82676
서울,중구,서울,중구,291547
서울,중구,서울,용산구,51851
서울,중구,서울,성동구,47188
서울,중구,서울,광진구,18363
서울,중구,서울,동대문구,37518
서울,중구,서울,중랑구,19759
서울,중구,서울,성북구,46144
서울,중구,서울,강북구,21312
서울,중구,서울,도봉구,15099
서울,중구,서울,노원구,24533
서울,중구,서울,은평구,28958
서울,중구,서울,서대문구,40375
서울,중구,서울,마포구,50542
서울,중구,서울,양천구,15136
서울,중구,서울,강서구,16152
서울,중구,서울,구로구,16241
서울,중구,서울,금천구,7594
서울,중구,서울,영등포구,41612
서울,중구,서울,동작구,20265
서울,중구,서울,관악구,22205
서울,중구,서울,서초구,40766
서울,중구,서울,강남구,53112
서울,중구,서울,송파구,27931
서울,중구,서울,강동구,16816
서울,중구,인천,중구,4017
서울,중구,인천,동구,1818
서울,중구,인천,미추홀구,2390
서울,중구,인천,연수구,3003
서울,중구,인천,남동구,4017
서울,중구,인천,부평구,5963
서울,중구,인천,계양구,4726
서울,중구,인천,서구,8926
서울,중구,인천,강화군,119
서울,중구,경기도,수원시,7290
서울,중구,경기도,성남시,21476
서울,중구,경기도,의정부시,9395
서울,중구,경기도,안양시,13283
서울,중구,경기도,부천시,15059
서울,중구,경기도,광명시,6522
서울,중구,경기도,평택시,2144
서울,중구,경기도,동두천시,1243
서울,중구,경기도,안산시,5379
서울,중구,경기도,고양시,37186
서울,중구,경기도,과천시,2832
서울,중구,경기도,구리시,5414
서울,중구,경기도,남양주시,9020
서울,중구,경기도,시흥시,2553
서울,중구,경기도,군포시,6957
서울,중구,경기도,의왕시,1788
서울,중구,경기도,하남시,1910
서울,중구,경기도,용인시,19555
서울,중구,경기도,파주시,6617
서울,중구,경기도,이천시,984
서울,중구,경기도,안성시,693
서울,중구,경기도,김포시,5301
서울,중구,경기도,화성시,4864
서울,중구,경기도,광주시,1610
서울,중구,경기도,양주시,2567
서울,중구,경기도,포천시,239
서울,중구,경기도,여주시,59
서울,중구,경기도,연천군,279
서울,중구,경기도,가평군,108
서울,중구,경기도,양평군,960
서울,종로구,서울,종로구,258815
서울,종로구,서울,중구,78401
서울,종로구,서울,용산구,17997
서울,종로구,서울,성동구,21285
서울,종로구,서울,광진구,14508
서울,종로구,서울,동대문구,36330
서울,종로구,서울,중랑구,13682
서울,종로구,서울,성북구,59642
서울,종로구,서울,강북구,34083
서울,종로구,서울,도봉구,16756
서울,종로구,서울,노원구,21870
서울,종로구,서울,은평구,38981
서울,종로구,서울,서대문구,42288
서울,종로구,서울,마포구,28644
서울,종로구,서울,양천구,8267
서울,종로구,서울,강서구,12455
서울,종로구,서울,구로구,8142
서울,종로구,서울,금천구,3315
서울,종로구,서울,영등포구,18558
서울,종로구,서울,동작구,9462
서울,종로구,서울,관악구,9186
서울,종로구,서울,서초구,20336
서울,종로구,서울,강남구,26786
서울,종로구,서울,송파구,14604
서울,종로구,서울,강동구,10737
서울,종로구,인천,중구,852
서울,종로구,인천,동구,323
서울,종로구,인천,미추홀구,2789
서울,종로구,인천,연수구,1399
서울,종로구,인천,남동구,4515
서울,종로구,인천,부평구,3226
서울,종로구,인천,계양구,2939
서울,종로구,인천,서구,2254
서울,종로구,인천,강화군,33
서울,종로구,인천,옹진군,5
서울,종로구,경기도,수원시,5665
서울,종로구,경기도,성남시,23288
서울,종로구,경기도,의정부시,10444
서울,종로구,경기도,안양시,8306
서울,종로구,경기도,부천시,11275
서울,종로구,경기도,광명시,5161
서울,종로구,경기도,평택시,121
서울,종로구,경기도,동두천시,1610
서울,종로구,경기도,안산시,2843
서울,종로구,경기도,고양시,26739
서울,종로구,경기도,과천시,2410
서울,종로구,경기도,구리시,3895
서울,종로구,경기도,남양주시,6347
서울,종로구,경기도,오산시,217
서울,종로구,경기도,시흥시,1345
서울,종로구,경기도,군포시,2220
서울,종로구,경기도,의왕시,1468
서울,종로구,경기도,하남시,1945
서울,종로구,경기도,용인시,9442
서울,종로구,경기도,파주시,4431
서울,종로구,경기도,이천시,115
서울,종로구,경기도,안성시,39
서울,종로구,경기도,김포시,3808
서울,종로구,경기도,화성시,1473
서울,종로구,경기도,광주시,1094
서울,종로구,경기도,양주시,2102
서울,종로구,경기도,포천시,200
서울,종로구,경기도,가평군,123
서울,종로구,경기도,양평군,677
경기도,이천시,서울,종로구,19
경기도,이천시,서울,중구,207
경기도,이천시,서울,용산구,184
경기도,이천시,서울,성동구,292
경기도,이천시,서울,광진구,935
경기도,이천시,서울,동대문구,1114
경기도,이천시,서울,중랑구,817
경기도,이천시,서울,성북구,16
경기도,이천시,서울,강북구,33
경기도,이천시,서울,도봉구,385
경기도,이천시,서울,노원구,2774
경기도,이천시,서울,은평구,13
경기도,이천시,서울,서대문구,158
경기도,이천시,서울,마포구,10
경기도,이천시,서울,양천구,101
경기도,이천시,서울,강서구,8
경기도,이천시,서울,구로구,44
경기도,이천시,서울,금천구,9
경기도,이천시,서울,영등포구,158
경기도,이천시,서울,동작구,947
경기도,이천시,서울,관악구,7
경기도,이천시,서울,서초구,59
경기도,이천시,서울,강남구,1258
경기도,이천시,서울,송파구,1487
경기도,이천시,서울,강동구,970
경기도,이천시,인천,중구,461
경기도,이천시,인천,동구,10
경기도,이천시,인천,미추홀구,19
경기도,이천시,인천,연수구,107
경기도,이천시,인천,남동구,204
경기도,이천시,인천,부평구,218
경기도,이천시,인천,계양구,656
경기도,이천시,인천,서구,33
경기도,이천시,인천,옹진군,11
경기도,이천시,경기도,수원시,1641
경기도,이천시,경기도,성남시,5907
경기도,이천시,경기도,의정부시,14
경기도,이천시,경기도,안양시,552
경기도,이천시,경기도,부천시,10
경기도,이천시,경기도,광명시,56
경기도,이천시,경기도,평택시,635
경기도,이천시,경기도,동두천시,666
경기도,이천시,경기도,안산시,312
경기도,이천시,경기도,고양시,1134
경기도,이천시,경기도,구리시,52
경기도,이천시,경기도,남양주시,2556
경기도,이천시,경기도,오산시,745
경기도,이천시,경기도,시흥시,38
경기도,이천시,경기도,군포시,139
경기도,이천시,경기도,의왕시,20
경기도,이천시,경기도,하남시,1013
경기도,이천시,경기도,용인시,5227
경기도,이천시,경기도,파주시,27
경기도,이천시,경기도,이천시,333786
경기도,이천시,경기도,안성시,2297
경기도,이천시,경기도,김포시,417
경기도,이천시,경기도,화성시,1363
경기도,이천시,경기도,광주시,3680
경기도,이천시,경기도,양주시,358
경기도,이천시,경기도,여주시,8882
경기도,이천시,경기도,가평군,92
경기도,이천시,경기도,양평군,619
경기도,의정부시,서울,종로구,8833
경기도,의정부시,서울,중구,8865
경기도,의정부시,서울,용산구,1943
경기도,의정부시,서울,성동구,4642
경기도,의정부시,서울,광진구,1974
경기도,의정부시,서울,동대문구,7921
경기도,의정부시,서울,중랑구,5511
경기도,의정부시,서울,성북구,6607
경기도,의정부시,서울,강북구,10486
경기도,의정부시,서울,도봉구,26359
경기도,의정부시,서울,노원구,29406
경기도,의정부시,서울,은평구,2335
경기도,의정부시,서울,서대문구,818
경기도,의정부시,서울,마포구,1473
경기도,의정부시,서울,양천구,55
경기도,의정부시,서울,강서구,361
경기도,의정부시,서울,구로구,405
경기도,의정부시,서울,금천구,1126
경기도,의정부시,서울,영등포구,2118
경기도,의정부시,서울,동작구,1345
경기도,의정부시,서울,관악구,420
경기도,의정부시,서울,서초구,3035
경기도,의정부시,서울,강남구,6348
경기도,의정부시,서울,송파구,2353
경기도,의정부시,서울,강동구,1612
경기도,의정부시,인천,중구,796
경기도,의정부시,인천,미추홀구,98
경기도,의정부시,인천,연수구,241
경기도,의정부시,인천,남동구,223
경기도,의정부시,인천,부평구,332
경기도,의정부시,인천,계양구,280
경기도,의정부시,인천,서구,693
경기도,의정부시,인천,옹진군,6
경기도,의정부시,경기도,수원시,975
경기도,의정부시,경기도,성남시,1834
경기도,의정부시,경기도,의정부시,578576
경기도,의정부시,경기도,안양시,59
경기도,의정부시,경기도,부천시,2261
경기도,의정부시,경기도,평택시,159
경기도,의정부시,경기도,동두천시,10302
경기도,의정부시,경기도,안산시,15
경기도,의정부시,경기도,고양시,2338
경기도,의정부시,경기도,과천시,333
경기도,의정부시,경기도,구리시,1234
경기도,의정부시,경기도,남양주시,8229
경기도,의정부시,경기도,오산시,1
경기도,의정부시,경기도,시흥시,828
경기도,의정부시,경기도,군포시,1448
경기도,의정부시,경기도,의왕시,74
경기도,의정부시,경기도,하남시,3590
경기도,의정부시,경기도,용인시,2690
경기도,의정부시,경기도,파주시,968
경기도,의정부시,경기도,이천시,2
경기도,의정부시,경기도,안성시,236
경기도,의정부시,경기도,김포시,577
경기도,의정부시,경기도,화성시,107
경기도,의정부시,경기도,광주시,656
경기도,의정부시,경기도,양주시,33706
경기도,의정부시,경기도,포천시,13806
경기도,의정부시,경기도,여주시,319
경기도,의정부시,경기도,연천군,384
경기도,의정부시,경기도,가평군,369
경기도,의정부시,경기도,양평군,1307
경기도,의왕시,서울,종로구,1257
경기도,의왕시,서울,중구,1608
경기도,의왕시,서울,용산구,473
경기도,의왕시,서울,성동구,350
경기도,의왕시,서울,광진구,210
경기도,의왕시,서울,동대문구,279
경기도,의왕시,서울,성북구,1169
경기도,의왕시,서울,강북구,96
경기도,의왕시,서울,노원구,1248
경기도,의왕시,서울,은평구,194
경기도,의왕시,서울,서대문구,294
경기도,의왕시,서울,마포구,882
경기도,의왕시,서울,양천구,80
경기도,의왕시,서울,강서구,519
경기도,의왕시,서울,구로구,1783
경기도,의왕시,서울,금천구,3378
경기도,의왕시,서울,영등포구,1939
경기도,의왕시,서울,동작구,1277
경기도,의왕시,서울,관악구,1623
경기도,의왕시,서울,서초구,5512
경기도,의왕시,서울,강남구,2729
경기도,의왕시,서울,송파구,1540
경기도,의왕시,서울,강동구,31
경기도,의왕시,인천,중구,434
경기도,의왕시,인천,미추홀구,267
경기도,의왕시,인천,연수구,380
경기도,의왕시,인천,남동구,480
경기도,의왕시,인천,부평구,121
경기도,의왕시,인천,계양구,69
경기도,의왕시,인천,서구,200
경기도,의왕시,인천,옹진군,7
경기도,의왕시,경기도,수원시,18569
경기도,의왕시,경기도,성남시,9325
경기도,의왕시,경기도,의정부시,22
경기도,의왕시,경기도,안양시,51559
경기도,의왕시,경기도,부천시,1843
경기도,의왕시,경기도,광명시,704
경기도,의왕시,경기도,평택시,651
경기도,의왕시,경기도,안산시,6565
경기도,의왕시,경기도,고양시,632
경기도,의왕시,경기도,과천시,5585
경기도,의왕시,경기도,구리시,304
경기도,의왕시,경기도,남양주시,44
경기도,의왕시,경기도,오산시,118
경기도,의왕시,경기도,시흥시,4496
경기도,의왕시,경기도,군포시,19461
경기도,의왕시,경기도,의왕시,130122
경기도,의왕시,경기도,하남시,208
경기도,의왕시,경기도,용인시,6608
경기도,의왕시,경기도,파주시,273
경기도,의왕시,경기도,이천시,16
경기도,의왕시,경기도,안성시,109
경기도,의왕시,경기도,김포시,1
경기도,의왕시,경기도,화성시,3173
경기도,의왕시,경기도,광주시,385
경기도,의왕시,경기도,포천시,110
경기도,의왕시,경기도,여주시,229
경기도,의왕시,경기도,가평군,157
경기도,의왕시,경기도,양평군,73
서울,은평구,서울,종로구,31126
서울,은평구,서울,중구,26903
서울,은평구,서울,용산구,8698
서울,은평구,서울,성동구,5028
서울,은평구,서울,광진구,1986
서울,은평구,서울,동대문구,3654
서울,은평구,서울,중랑구,2527
서울,은평구,서울,성북구,7827
서울,은평구,서울,강북구,1269
서울,은평구,서울,도봉구,851
서울,은평구,서울,노원구,2309
서울,은평구,서울,은평구,504632
서울,은평구,서울,서대문구,49578
서울,은평구,서울,마포구,36322
서울,은평구,서울,양천구,2873
서울,은평구,서울,강서구,8427
서울,은평구,서울,구로구,2646
서울,은평구,서울,금천구,2460
서울,은평구,서울,영등포구,13173
서울,은평구,서울,동작구,4090
서울,은평구,서울,관악구,1479
서울,은평구,서울,서초구,10895
서울,은평구,서울,강남구,19953
서울,은평구,서울,송파구,3023
서울,은평구,서울,강동구,795
서울,은평구,인천,중구,2841
서울,은평구,인천,미추홀구,433
서울,은평구,인천,남동구,459
서울,은평구,인천,부평구,2291
서울,은평구,인천,계양구,463
서울,은평구,인천,서구,191
서울,은평구,인천,강화군,899
서울,은평구,인천,옹진군,14
서울,은평구,경기도,수원시,1370
서울,은평구,경기도,성남시,2144
서울,은평구,경기도,의정부시,1912
서울,은평구,경기도,안양시,1075
서울,은평구,경기도,부천시,3078
서울,은평구,경기도,광명시,923
서울,은평구,경기도,평택시,157
서울,은평구,경기도,동두천시,157
서울,은평구,경기도,안산시,338
서울,은평구,경기도,고양시,59033
서울,은평구,경기도,과천시,503
서울,은평구,경기도,구리시,130
서울,은평구,경기도,남양주시,112
서울,은평구,경기도,오산시,106
서울,은평구,경기도,시흥시,72
서울,은평구,경기도,군포시,63
서울,은평구,경기도,의왕시,147
서울,은평구,경기도,하남시,650
서울,은평구,경기도,용인시,502
서울,은평구,경기도,파주시,6414
서울,은평구,경기도,안성시,808
서울,은평구,경기도,김포시,1417
서울,은평구,경기도,화성시,421
서울,은평구,경기도,광주시,220
서울,은평구,경기도,양주시,1538
서울,은평구,경기도,포천시,356
서울,은평구,경기도,연천군,457
서울,은평구,경기도,가평군,36
경기도,용인시,서울,종로구,9578
경기도,용인시,서울,중구,15333
경기도,용인시,서울,용산구,4036
경기도,용인시,서울,성동구,5922
경기도,용인시,서울,광진구,4383
경기도,용인시,서울,동대문구,2312
경기도,용인시,서울,중랑구,1185
경기도,용인시,서울,성북구,2897
경기도,용인시,서울,강북구,1204
경기도,용인시,서울,도봉구,932
경기도,용인시,서울,노원구,2903
경기도,용인시,서울,은평구,696
경기도,용인시,서울,서대문구,3407
경기도,용인시,서울,마포구,5772
경기도,용인시,서울,양천구,1512
경기도,용인시,서울,강서구,12860
경기도,용인시,서울,구로구,2966
경기도,용인시,서울,금천구,2269
경기도,용인시,서울,영등포구,7299
경기도,용인시,서울,동작구,3036
경기도,용인시,서울,관악구,10483
경기도,용인시,서울,서초구,30360
경기도,용인시,서울,강남구,43351
경기도,용인시,서울,송파구,18377
경기도,용인시,서울,강동구,2317
경기도,용인시,인천,중구,2044
경기도,용인시,인천,동구,258
경기도,용인시,인천,미추홀구,962
경기도,용인시,인천,연수구,202
경기도,용인시,인천,남동구,1168
경기도,용인시,인천,부평구,969
경기도,용인시,인천,계양구,1047
경기도,용인시,인천,서구,520
경기도,용인시,인천,옹진군,1
경기도,용인시,경기도,수원시,99513
경기도,용인시,경기도,성남시,144718
경기도,용인시,경기도,의정부시,2952
경기도,용인시,경기도,안양시,5593
경기도,용인시,경기도,부천시,1693
경기도,용인시,경기도,광명시,1503
경기도,용인시,경기도,평택시,5146
경기도,용인시,경기도,동두천시,4
경기도,용인시,경기도,안산시,3962
경기도,용인시,경기도,고양시,7336
경기도,용인시,경기도,과천시,3227
경기도,용인시,경기도,구리시,544
경기도,용인시,경기도,남양주시,8928
경기도,용인시,경기도,오산시,5629
경기도,용인시,경기도,시흥시,3164
경기도,용인시,경기도,군포시,2929
경기도,용인시,경기도,의왕시,6696
경기도,용인시,경기도,하남시,1126
경기도,용인시,경기도,용인시,1530537
경기도,용인시,경기도,파주시,3616
경기도,용인시,경기도,이천시,6454
경기도,용인시,경기도,안성시,7004
경기도,용인시,경기도,김포시,247
경기도,용인시,경기도,화성시,33549
경기도,용인시,경기도,광주시,13655
경기도,용인시,경기도,양주시,168
경기도,용인시,경기도,포천시,8
경기도,용인시,경기도,여주시,818
경기도,용인시,경기도,가평군,336
경기도,용인시,경기도,양평군,345
서울,용산구,서울,종로구,22038
서울,용산구,서울,중구,49696
서울,용산구,서울,용산구,298143
서울,용산구,서울,성동구,10564
서울,용산구,서울,광진구,5333
서울,용산구,서울,동대문구,7362
서울,용산구,서울,중랑구,3548
서울,용산구,서울,성북구,7424
서울,용산구,서울,강북구,5235
서울,용산구,서울,도봉구,2973
서울,용산구,서울,노원구,4911
서울,용산구,서울,은평구,9058
서울,용산구,서울,서대문구,9770
서울,용산구,서울,마포구,29781
서울,용산구,서울,양천구,6285
서울,용산구,서울,강서구,6450
서울,용산구,서울,구로구,6748
서울,용산구,서울,금천구,5026
서울,용산구,서울,영등포구,17704
서울,용산구,서울,동작구,20403
서울,용산구,서울,관악구,9824
서울,용산구,서울,서초구,25136
서울,용산구,서울,강남구,23077
서울,용산구,서울,송파구,5437
서울,용산구,서울,강동구,2922
서울,용산구,인천,중구,1041
서울,용산구,인천,동구,109
서울,용산구,인천,미추홀구,1400
서울,용산구,인천,연수구,1284
서울,용산구,인천,남동구,1556
서울,용산구,인천,부평구,5567
서울,용산구,인천,계양구,2894
서울,용산구,인천,서구,3983
서울,용산구,인천,옹진군,143
서울,용산구,경기도,수원시,2347
서울,용산구,경기도,성남시,6274
서울,용산구,경기도,의정부시,1845
서울,용산구,경기도,안양시,4412
서울,용산구,경기도,부천시,8779
서울,용산구,경기도,광명시,1753
서울,용산구,경기도,평택시,706
서울,용산구,경기도,동두천시,488
서울,용산구,경기도,안산시,1304
서울,용산구,경기도,고양시,11475
서울,용산구,경기도,과천시,1953
서울,용산구,경기도,구리시,708
서울,용산구,경기도,남양주시,2834
서울,용산구,경기도,오산시,123
서울,용산구,경기도,시흥시,1206
서울,용산구,경기도,군포시,1691
서울,용산구,경기도,의왕시,526
서울,용산구,경기도,하남시,1028
서울,용산구,경기도,용인시,4032
서울,용산구,경기도,파주시,1423
서울,용산구,경기도,이천시,163
서울,용산구,경기도,안성시,275
서울,용산구,경기도,김포시,1956
서울,용산구,경기도,화성시,922
서울,용산구,경기도,양주시,539
서울,용산구,경기도,여주시,477
서울,용산구,경기도,양평군,564
인천,옹진군,서울,종로구,4
인천,옹진군,서울,용산구,107
인천,옹진군,서울,성동구,7
인천,옹진군,서울,광진구,5
인천,옹진군,서울,동대문구,4
인천,옹진군,서울,중랑구,1
인천,옹진군,서울,성북구,5
인천,옹진군,서울,강북구,5
인천,옹진군,서울,도봉구,7
인천,옹진군,서울,노원구,30
인천,옹진군,서울,은평구,15
인천,옹진군,서울,마포구,6
인천,옹진군,서울,양천구,176
인천,옹진군,서울,강서구,6
인천,옹진군,서울,구로구,11
인천,옹진군,서울,금천구,9
인천,옹진군,서울,영등포구,1
인천,옹진군,서울,동작구,6
인천,옹진군,서울,관악구,10
인천,옹진군,서울,서초구,2
인천,옹진군,서울,강남구,5
인천,옹진군,서울,송파구,5
인천,옹진군,서울,강동구,9
인천,옹진군,인천,중구,787
인천,옹진군,인천,동구,25
인천,옹진군,인천,미추홀구,518
인천,옹진군,인천,연수구,356
인천,옹진군,인천,남동구,506
인천,옹진군,인천,부평구,17
인천,옹진군,인천,계양구,9
인천,옹진군,인천,서구,1067
인천,옹진군,인천,강화군,206
인천,옹진군,인천,옹진군,38094
인천,옹진군,경기도,수원시,4
인천,옹진군,경기도,성남시,7
인천,옹진군,경기도,의정부시,12
인천,옹진군,경기도,안양시,146
인천,옹진군,경기도,부천시,37
인천,옹진군,경기도,광명시,4
인천,옹진군,경기도,평택시,10
인천,옹진군,경기도,안산시,916
인천,옹진군,경기도,고양시,160
인천,옹진군,경기도,과천시,1
인천,옹진군,경기도,남양주시,10
인천,옹진군,경기도,시흥시,598
인천,옹진군,경기도,군포시,418
인천,옹진군,경기도,의왕시,3
인천,옹진군,경기도,하남시,11
인천,옹진군,경기도,용인시,1
인천,옹진군,경기도,파주시,5
인천,옹진군,경기도,이천시,5
인천,옹진군,경기도,안성시,1
인천,옹진군,경기도,김포시,7
인천,옹진군,경기도,화성시,2
경기도,오산시,서울,종로구,91
경기도,오산시,서울,중구,32
경기도,오산시,서울,용산구,327
경기도,오산시,서울,성동구,128
경기도,오산시,서울,광진구,104
경기도,오산시,서울,동대문구,487
경기도,오산시,서울,중랑구,15
경기도,오산시,서울,성북구,66
경기도,오산시,서울,강북구,74
경기도,오산시,서울,도봉구,7
경기도,오산시,서울,노원구,26
경기도,오산시,서울,서대문구,129
경기도,오산시,서울,양천구,77
경기도,오산시,서울,강서구,143
경기도,오산시,서울,구로구,973
경기도,오산시,서울,금천구,1195
경기도,오산시,서울,영등포구,736
경기도,오산시,서울,동작구,1193
경기도,오산시,서울,관악구,367
경기도,오산시,서울,서초구,906
경기도,오산시,서울,강남구,2362
경기도,오산시,서울,송파구,1138
경기도,오산시,서울,강동구,517
경기도,오산시,인천,중구,216
경기도,오산시,인천,동구,1
경기도,오산시,인천,미추홀구,504
경기도,오산시,인천,연수구,265
경기도,오산시,인천,남동구,515
경기도,오산시,인천,부평구,593
경기도,오산시,인천,계양구,21
경기도,오산시,인천,서구,234
경기도,오산시,경기도,수원시,23287
경기도,오산시,경기도,성남시,1406
경기도,오산시,경기도,의정부시,148
경기도,오산시,경기도,안양시,1789
경기도,오산시,경기도,부천시,717
경기도,오산시,경기도,광명시,280
경기도,오산시,경기도,평택시,27818
경기도,오산시,경기도,안산시,681
경기도,오산시,경기도,고양시,55
경기도,오산시,경기도,과천시,30
경기도,오산시,경기도,구리시,236
경기도,오산시,경기도,남양주시,278
경기도,오산시,경기도,오산시,274538
경기도,오산시,경기도,시흥시,594
경기도,오산시,경기도,군포시,943
경기도,오산시,경기도,의왕시,348
경기도,오산시,경기도,하남시,256
경기도,오산시,경기도,용인시,5394
경기도,오산시,경기도,파주시,3
경기도,오산시,경기도,이천시,450
경기도,오산시,경기도,안성시,1153
경기도,오산시,경기도,김포시,8
경기도,오산시,경기도,화성시,40511
경기도,오산시,경기도,광주시,1284
경기도,오산시,경기도,포천시,699
경기도,오산시,경기도,여주시,138
경기도,오산시,경기도,가평군,4
서울,영등포구,서울,종로구,16462
서울,영등포구,서울,중구,34316
서울,영등포구,서울,용산구,19540
서울,영등포구,서울,성동구,11341
서울,영등포구,서울,광진구,7646
서울,영등포구,서울,동대문구,8855
서울,영등포구,서울,중랑구,3722
서울,영등포구,서울,성북구,12393
서울,영등포구,서울,강북구,4023
서울,영등포구,서울,도봉구,3920
서울,영등포구,서울,노원구,5704
서울,영등포구,서울,은평구,9729
서울,영등포구,서울,서대문구,14194
서울,영등포구,서울,마포구,45787
서울,영등포구,서울,양천구,51984
서울,영등포구,서울,강서구,46678
서울,영등포구,서울,구로구,56559
서울,영등포구,서울,금천구,19326
서울,영등포구,서울,영등포구,529207
서울,영등포구,서울,동작구,47482
서울,영등포구,서울,관악구,31646
서울,영등포구,서울,서초구,25660
서울,영등포구,서울,강남구,37330
서울,영등포구,서울,송파구,17381
서울,영등포구,서울,강동구,5014
서울,영등포구,인천,중구,3737
서울,영등포구,인천,동구,370
서울,영등포구,인천,미추홀구,3792
서울,영등포구,인천,연수구,2844
서울,영등포구,인천,남동구,8371
서울,영등포구,인천,부평구,17484
서울,영등포구,인천,계양구,5006
서울,영등포구,인천,서구,7216
서울,영등포구,인천,강화군,341
서울,영등포구,인천,옹진군,1
서울,영등포구,경기도,수원시,12378
서울,영등포구,경기도,성남시,5994
서울,영등포구,경기도,의정부시,1285
서울,영등포구,경기도,안양시,13767
서울,영등포구,경기도,부천시,25377
서울,영등포구,경기도,광명시,16312
서울,영등포구,경기도,평택시,3099
서울,영등포구,경기도,동두천시,537
서울,영등포구,경기도,안산시,7111
서울,영등포구,경기도,고양시,26324
서울,영등포구,경기도,과천시,3696
서울,영등포구,경기도,구리시,1073
서울,영등포구,경기도,남양주시,2099
서울,영등포구,경기도,오산시,526
서울,영등포구,경기도,시흥시,8527
서울,영등포구,경기도,군포시,3771
서울,영등포구,경기도,의왕시,1777
서울,영등포구,경기도,하남시,1332
서울,영등포구,경기도,용인시,8090
서울,영등포구,경기도,파주시,5105
서울,영등포구,경기도,이천시,210
서울,영등포구,경기도,안성시,571
서울,영등포구,경기도,김포시,14524
서울,영등포구,경기도,화성시,2035
서울,영등포구,경기도,광주시,99
서울,영등포구,경기도,양주시,280
서울,영등포구,경기도,포천시,221
서울,영등포구,경기도,여주시,100
서울,영등포구,경기도,가평군,217
서울,영등포구,경기도,양평군,249
경기도,연천군,서울,종로구,10
경기도,연천군,서울,중구,233
경기도,연천군,서울,용산구,17
경기도,연천군,서울,광진구,34
경기도,연천군,서울,동대문구,28
경기도,연천군,서울,중랑구,3
경기도,연천군,서울,성북구,5
경기도,연천군,서울,강북구,95
경기도,연천군,서울,도봉구,12
경기도,연천군,서울,노원구,858
경기도,연천군,서울,은평구,391
경기도,연천군,서울,서대문구,93
경기도,연천군,서울,양천구,1
경기도,연천군,서울,구로구,4
경기도,연천군,서울,동작구,2
경기도,연천군,서울,관악구,149
경기도,연천군,서울,서초구,4
경기도,연천군,서울,강남구,89
경기도,연천군,서울,송파구,1
경기도,연천군,서울,강동구,1
경기도,연천군,인천,미추홀구,1
경기도,연천군,인천,부평구,142
경기도,연천군,인천,계양구,269
경기도,연천군,인천,강화군,344
경기도,연천군,경기도,성남시,2
경기도,연천군,경기도,의정부시,119
경기도,연천군,경기도,부천시,1421
경기도,연천군,경기도,동두천시,4016
경기도,연천군,경기도,고양시,284
경기도,연천군,경기도,구리시,275
경기도,연천군,경기도,남양주시,117
경기도,연천군,경기도,파주시,1162
경기도,연천군,경기도,화성시,60
경기도,연천군,경기도,광주시,250
경기도,연천군,경기도,양주시,959
경기도,연천군,경기도,포천시,405
경기도,연천군,경기도,연천군,70744
경기도,연천군,경기도,가평군,21
인천,연수구,서울,종로구,1082
인천,연수구,서울,중구,3102
인천,연수구,서울,용산구,1068
인천,연수구,서울,성동구,367
인천,연수구,서울,광진구,927
인천,연수구,서울,동대문구,93
인천,연수구,서울,중랑구,37
인천,연수구,서울,성북구,360
인천,연수구,서울,강북구,2421
인천,연수구,서울,도봉구,28
인천,연수구,서울,노원구,2177
인천,연수구,서울,서대문구,506
인천,연수구,서울,마포구,3079
인천,연수구,서울,양천구,1430
인천,연수구,서울,강서구,2762
인천,연수구,서울,구로구,1410
인천,연수구,서울,금천구,1812
인천,연수구,서울,영등포구,2259
인천,연수구,서울,동작구,1240
인천,연수구,서울,관악구,1248
인천,연수구,서울,서초구,4414
인천,연수구,서울,강남구,4502
인천,연수구,서울,송파구,1310
인천,연수구,서울,강동구,571
인천,연수구,인천,중구,23052
인천,연수구,인천,동구,9398
인천,연수구,인천,미추홀구,52721
인천,연수구,인천,연수구,498319
인천,연수구,인천,남동구,101027
인천,연수구,인천,부평구,20907
인천,연수구,인천,계양구,7494
인천,연수구,인천,서구,15683
인천,연수구,인천,강화군,540
인천,연수구,인천,옹진군,440
인천,연수구,경기도,수원시,2035
인천,연수구,경기도,성남시,2446
인천,연수구,경기도,의정부시,226
인천,연수구,경기도,안양시,1205
인천,연수구,경기도,부천시,10593
인천,연수구,경기도,광명시,1624
인천,연수구,경기도,평택시,356
인천,연수구,경기도,동두천시,46
인천,연수구,경기도,안산시,8212
인천,연수구,경기도,고양시,5271
인천,연수구,경기도,과천시,217
인천,연수구,경기도,구리시,10
인천,연수구,경기도,남양주시,116
인천,연수구,경기도,오산시,198
인천,연수구,경기도,시흥시,8207
인천,연수구,경기도,군포시,1646
인천,연수구,경기도,의왕시,466
인천,연수구,경기도,용인시,490
인천,연수구,경기도,파주시,968
인천,연수구,경기도,이천시,127
인천,연수구,경기도,안성시,119
인천,연수구,경기도,김포시,8553
인천,연수구,경기도,화성시,2627
인천,연수구,경기도,광주시,66
인천,연수구,경기도,양주시,761
인천,연수구,경기도,여주시,26
인천,연수구,경기도,가평군,87
인천,연수구,경기도,양평군,13
경기도,여주시,서울,종로구,5
경기도,여주시,서울,중구,115
경기도,여주시,서울,용산구,1391
경기도,여주시,서울,성동구,213
경기도,여주시,서울,광진구,223
경기도,여주시,서울,동대문구,288
경기도,여주시,서울,중랑구,30
경기도,여주시,서울,성북구,184
경기도,여주시,서울,강북구,129
경기도,여주시,서울,도봉구,442
경기도,여주시,서울,노원구,29
경기도,여주시,서울,마포구,38
경기도,여주시,서울,강서구,8
경기도,여주시,서울,구로구,4
경기도,여주시,서울,금천구,291
경기도,여주시,서울,영등포구,204
경기도,여주시,서울,동작구,59
경기도,여주시,서울,서초구,631
경기도,여주시,서울,강남구,534
경기도,여주시,서울,송파구,457
경기도,여주시,서울,강동구,161
경기도,여주시,인천,중구,91
경기도,여주시,인천,미추홀구,79
경기도,여주시,인천,연수구,4
경기도,여주시,인천,남동구,322
경기도,여주시,인천,계양구,124
경기도,여주시,인천,서구,100
경기도,여주시,경기도,수원시,410
경기도,여주시,경기도,성남시,880
경기도,여주시,경기도,의정부시,360
경기도,여주시,경기도,안양시,121
경기도,여주시,경기도,부천시,89
경기도,여주시,경기도,평택시,155
경기도,여주시,경기도,안산시,41
경기도,여주시,경기도,고양시,7
경기도,여주시,경기도,과천시,147
경기도,여주시,경기도,구리시,255
경기도,여주시,경기도,남양주시,709
경기도,여주시,경기도,오산시,145
경기도,여주시,경기도,시흥시,485
경기도,여주시,경기도,의왕시,179
경기도,여주시,경기도,하남시,296
경기도,여주시,경기도,용인시,666
경기도,여주시,경기도,이천시,8772
경기도,여주시,경기도,안성시,662
경기도,여주시,경기도,김포시,17
경기도,여주시,경기도,화성시,148
경기도,여주시,경기도,광주시,451
경기도,여주시,경기도,양주시,660
경기도,여주시,경기도,포천시,288
경기도,여주시,경기도,여주시,183159
경기도,여주시,경기도,가평군,4
경기도,여주시,경기도,양평군,5437
경기도,양평군,서울,종로구,584
경기도,양평군,서울,중구,799
경기도,양평군,서울,용산구,474
경기도,양평군,서울,성동구,870
경기도,양평군,서울,광진구,324
경기도,양평군,서울,동대문구,1406
경기도,양평군,서울,중랑구,1689
경기도,양평군,서울,성북구,104
경기도,양평군,서울,강북구,24
경기도,양평군,서울,도봉구,175
경기도,양평군,서울,노원구,107
경기도,양평군,서울,은평구,5
경기도,양평군,서울,서대문구,545
경기도,양평군,서울,마포구,2
경기도,양평군,서울,양천구,13
경기도,양평군,서울,강서구,106
경기도,양평군,서울,구로구,17
경기도,양평군,서울,금천구,4
경기도,양평군,서울,영등포구,194
경기도,양평군,서울,동작구,68
경기도,양평군,서울,관악구,80
경기도,양평군,서울,서초구,612
경기도,양평군,서울,강남구,1058
경기도,양평군,서울,송파구,1065
경기도,양평군,서울,강동구,548
경기도,양평군,인천,중구,5
경기도,양평군,인천,동구,80
경기도,양평군,인천,미추홀구,4
경기도,양평군,인천,남동구,2
경기도,양평군,인천,부평구,71
경기도,양평군,인천,계양구,44
경기도,양평군,경기도,수원시,1493
경기도,양평군,경기도,성남시,2039
경기도,양평군,경기도,의정부시,1063
경기도,양평군,경기도,안양시,4
경기도,양평군,경기도,부천시,3
경기도,양평군,경기도,동두천시,88
경기도,양평군,경기도,안산시,9
경기도,양평군,경기도,고양시,116
경기도,양평군,경기도,과천시,2
경기도,양평군,경기도,구리시,198
경기도,양평군,경기도,남양주시,1737
경기도,양평군,경기도,오산시,1
경기도,양평군,경기도,시흥시,1669
경기도,양평군,경기도,군포시,618
경기도,양평군,경기도,의왕시,118
경기도,양평군,경기도,하남시,1053
경기도,양평군,경기도,용인시,327
경기도,양평군,경기도,파주시,4
경기도,양평군,경기도,이천시,564
경기도,양평군,경기도,화성시,764
경기도,양평군,경기도,광주시,1542
경기도,양평군,경기도,양주시,24
경기도,양평군,경기도,포천시,2749
경기도,양평군,경기도,여주시,5952
경기도,양평군,경기도,가평군,161
경기도,양평군,경기도,양평군,189110
서울,양천구,서울,종로구,8950
서울,양천구,서울,중구,17266
서울,양천구,서울,용산구,6579
서울,양천구,서울,성동구,4200
서울,양천구,서울,광진구,1654
서울,양천구,서울,동대문구,3033
서울,양천구,서울,중랑구,324
서울,양천구,서울,성북구,3870
서울,양천구,서울,강북구,360
서울,양천구,서울,도봉구,717
서울,양천구,서울,노원구,997
서울,양천구,서울,은평구,4328
서울,양천구,서울,서대문구,5524
서울,양천구,서울,마포구,20782
서울,양천구,서울,양천구,544181
서울,양천구,서울,강서구,82028
서울,양천구,서울,구로구,25000
서울,양천구,서울,금천구,12129
서울,양천구,서울,영등포구,51797
서울,양천구,서울,동작구,11269
서울,양천구,서울,관악구,5794
서울,양천구,서울,서초구,11407
서울,양천구,서울,강남구,15260
서울,양천구,서울,송파구,3513
서울,양천구,서울,강동구,1247
서울,양천구,인천,중구,4069
서울,양천구,인천,동구,468
서울,양천구,인천,미추홀구,4748
서울,양천구,인천,연수구,1153
서울,양천구,인천,남동구,2338
서울,양천구,인천,부평구,4321
서울,양천구,인천,계양구,3119
서울,양천구,인천,서구,5560
서울,양천구,인천,강화군,1219
서울,양천구,인천,옹진군,172
서울,양천구,경기도,수원시,2014
서울,양천구,경기도,성남시,2184
서울,양천구,경기도,안양시,5187
서울,양천구,경기도,부천시,25778
서울,양천구,경기도,광명시,10371
서울,양천구,경기도,평택시,591
서울,양천구,경기도,동두천시,149
서울,양천구,경기도,안산시,1014
서울,양천구,경기도,고양시,6990
서울,양천구,경기도,과천시,219
서울,양천구,경기도,구리시,23
서울,양천구,경기도,남양주시,1679
서울,양천구,경기도,오산시,83
서울,양천구,경기도,시흥시,3482
서울,양천구,경기도,군포시,543
서울,양천구,경기도,의왕시,56
서울,양천구,경기도,하남시,139
서울,양천구,경기도,용인시,2312
서울,양천구,경기도,파주시,1231
서울,양천구,경기도,이천시,81
서울,양천구,경기도,안성시,20
서울,양천구,경기도,김포시,5352
서울,양천구,경기도,화성시,1266
서울,양천구,경기도,광주시,175
서울,양천구,경기도,양주시,62
서울,양천구,경기도,여주시,39
서울,양천구,경기도,가평군,28
서울,양천구,경기도,양평군,44
경기도,양주시,서울,종로구,2395
경기도,양주시,서울,중구,2060
경기도,양주시,서울,용산구,476
경기도,양주시,서울,성동구,478
경기도,양주시,서울,광진구,149
경기도,양주시,서울,동대문구,2090
경기도,양주시,서울,중랑구,169
경기도,양주시,서울,성북구,2442
경기도,양주시,서울,강북구,2796
경기도,양주시,서울,도봉구,8939
경기도,양주시,서울,노원구,11227
경기도,양주시,서울,은평구,1514
경기도,양주시,서울,서대문구,186
경기도,양주시,서울,마포구,892
경기도,양주시,서울,양천구,76
경기도,양주시,서울,강서구,1147
경기도,양주시,서울,구로구,196
경기도,양주시,서울,금천구,680
경기도,양주시,서울,영등포구,123
경기도,양주시,서울,동작구,109
경기도,양주시,서울,관악구,168
경기도,양주시,서울,서초구,7039
경기도,양주시,서울,강남구,1220
경기도,양주시,서울,송파구,448
경기도,양주시,서울,강동구,649
경기도,양주시,인천,중구,303
경기도,양주시,인천,미추홀구,98
경기도,양주시,인천,연수구,788
경기도,양주시,인천,남동구,257
경기도,양주시,인천,계양구,40
경기도,양주시,인천,서구,2239
경기도,양주시,경기도,수원시,982
경기도,양주시,경기도,성남시,459
경기도,양주시,경기도,의정부시,33767
경기도,양주시,경기도,안양시,2447
경기도,양주시,경기도,부천시,740
경기도,양주시,경기도,동두천시,12081
경기도,양주시,경기도,안산시,38
경기도,양주시,경기도,고양시,4706
경기도,양주시,경기도,구리시,1140
경기도,양주시,경기도,남양주시,795
경기도,양주시,경기도,시흥시,75
경기도,양주시,경기도,군포시,72
경기도,양주시,경기도,하남시,188
경기도,양주시,경기도,용인시,7
경기도,양주시,경기도,파주시,1305
경기도,양주시,경기도,이천시,329
경기도,양주시,경기도,안성시,188
경기도,양주시,경기도,김포시,519
경기도,양주시,경기도,화성시,255
경기도,양주시,경기도,광주시,45
경기도,양주시,경기도,양주시,286396
경기도,양주시,경기도,포천시,5933
경기도,양주시,경기도,여주시,598
경기도,양주시,경기도,연천군,1325
경기도,양주시,경기도,가평군,162
경기도,양주시,경기도,양평군,22
경기도,안양시,서울,종로구,6746
경기도,안양시,서울,중구,19319
경기도,안양시,서울,용산구,5589
경기도,안양시,서울,성동구,1044
경기도,안양시,서울,광진구,1605
경기도,안양시,서울,동대문구,2293
경기도,안양시,서울,중랑구,2271
경기도,안양시,서울,성북구,2165
경기도,안양시,서울,강북구,135
경기도,안양시,서울,도봉구,1070
경기도,안양시,서울,노원구,734
경기도,안양시,서울,은평구,2322
경기도,안양시,서울,서대문구,3277
경기도,안양시,서울,마포구,4154
경기도,안양시,서울,양천구,6035
경기도,안양시,서울,강서구,5092
경기도,안양시,서울,구로구,15414
경기도,안양시,서울,금천구,28981
경기도,안양시,서울,영등포구,13852
경기도,안양시,서울,동작구,9864
경기도,안양시,서울,관악구,9764
경기도,안양시,서울,서초구,19204
경기도,안양시,서울,강남구,16420
경기도,안양시,서울,송파구,5101
경기도,안양시,서울,강동구,1828
경기도,안양시,인천,중구,1370
경기도,안양시,인천,동구,127
경기도,안양시,인천,미추홀구,1073
경기도,안양시,인천,연수구,1593
경기도,안양시,인천,남동구,1568
경기도,안양시,인천,부평구,3645
경기도,안양시,인천,계양구,964
경기도,안양시,인천,서구,1256
경기도,안양시,인천,강화군,255
경기도,안양시,인천,옹진군,168
경기도,안양시,경기도,수원시,26726
경기도,안양시,경기도,성남시,13804
경기도,안양시,경기도,의정부시,66
경기도,안양시,경기도,안양시,781219
경기도,안양시,경기도,부천시,7306
경기도,안양시,경기도,광명시,17351
경기도,안양시,경기도,평택시,1878
경기도,안양시,경기도,안산시,25162
경기도,안양시,경기도,고양시,2683
경기도,안양시,경기도,과천시,16755
경기도,안양시,경기도,구리시,364
경기도,안양시,경기도,남양주시,1537
경기도,안양시,경기도,오산시,1357
경기도,안양시,경기도,시흥시,13071
경기도,안양시,경기도,군포시,64528
경기도,안양시,경기도,의왕시,52285
경기도,안양시,경기도,하남시,663
경기도,안양시,경기도,용인시,6156
경기도,안양시,경기도,파주시,829
경기도,안양시,경기도,이천시,482
경기도,안양시,경기도,안성시,279
경기도,안양시,경기도,김포시,1043
경기도,안양시,경기도,화성시,9199
경기도,안양시,경기도,광주시,276
경기도,안양시,경기도,양주시,1528
경기도,안양시,경기도,포천시,46
경기도,안양시,경기도,여주시,118
경기도,안양시,경기도,가평군,245
경기도,안성시,서울,종로구,64
경기도,안성시,서울,중구,1218
경기도,안성시,서울,용산구,678
경기도,안성시,서울,성동구,550
경기도,안성시,서울,광진구,1250
경기도,안성시,서울,동대문구,28
경기도,안성시,서울,성북구,525
경기도,안성시,서울,강북구,29
경기도,안성시,서울,노원구,27
경기도,안성시,서울,은평구,764
경기도,안성시,서울,서대문구,135
경기도,안성시,서울,마포구,271
경기도,안성시,서울,양천구,7
경기도,안성시,서울,강서구,35
경기도,안성시,서울,구로구,229
경기도,안성시,서울,금천구,1
경기도,안성시,서울,영등포구,391
경기도,안성시,서울,동작구,245
경기도,안성시,서울,관악구,209
경기도,안성시,서울,서초구,526
경기도,안성시,서울,강남구,1682
경기도,안성시,서울,송파구,830
경기도,안성시,서울,강동구,16
경기도,안성시,인천,중구,228
경기도,안성시,인천,동구,99
경기도,안성시,인천,미추홀구,343
경기도,안성시,인천,연수구,296
경기도,안성시,인천,남동구,21
경기도,안성시,인천,부평구,36
경기도,안성시,인천,서구,133
경기도,안성시,인천,강화군,2
경기도,안성시,인천,옹진군,2
경기도,안성시,경기도,수원시,3059
경기도,안성시,경기도,성남시,1337
경기도,안성시,경기도,의정부시,194
경기도,안성시,경기도,안양시,307
경기도,안성시,경기도,부천시,403
경기도,안성시,경기도,광명시,354
경기도,안성시,경기도,평택시,17202
경기도,안성시,경기도,동두천시,66
경기도,안성시,경기도,안산시,389
경기도,안성시,경기도,고양시,1276
경기도,안성시,경기도,과천시,80
경기도,안성시,경기도,구리시,61
경기도,안성시,경기도,남양주시,780
경기도,안성시,경기도,오산시,1371
경기도,안성시,경기도,군포시,6
경기도,안성시,경기도,의왕시,113
경기도,안성시,경기도,하남시,568
경기도,안성시,경기도,용인시,4988
경기도,안성시,경기도,파주시,278
경기도,안성시,경기도,이천시,2441
경기도,안성시,경기도,안성시,348937
경기도,안성시,경기도,화성시,4292
경기도,안성시,경기도,광주시,787
경기도,안성시,경기도,양주시,181
경기도,안성시,경기도,포천시,1073
경기도,안성시,경기도,여주시,739
경기도,안산시,서울,종로구,2234
경기도,안산시,서울,중구,4371
경기도,안산시,서울,용산구,1615
경기도,안산시,서울,성동구,670
경기도,안산시,서울,광진구,703
경기도,안산시,서울,동대문구,662
경기도,안산시,서울,중랑구,2665
경기도,안산시,서울,성북구,1454
경기도,안산시,서울,강북구,313
경기도,안산시,서울,도봉구,419
경기도,안산시,서울,노원구,647
경기도,안산시,서울,은평구,630
경기도,안산시,서울,서대문구,594
경기도,안산시,서울,마포구,3951
경기도,안산시,서울,양천구,1671
경기도,안산시,서울,강서구,2467
경기도,안산시,서울,구로구,8634
경기도,안산시,서울,금천구,5902
경기도,안산시,서울,영등포구,6649
경기도,안산시,서울,동작구,3468
경기도,안산시,서울,관악구,4255
경기도,안산시,서울,서초구,8678
경기도,안산시,서울,강남구,6263
경기도,안산시,서울,송파구,2188
경기도,안산시,서울,강동구,1119
경기도,안산시,인천,중구,2527
경기도,안산시,인천,동구,332
경기도,안산시,인천,미추홀구,5481
경기도,안산시,인천,연수구,7931
경기도,안산시,인천,남동구,10696
경기도,안산시,인천,부평구,4761
경기도,안산시,인천,계양구,1211
경기도,안산시,인천,서구,4167
경기도,안산시,인천,강화군,6
경기도,안산시,인천,옹진군,977
경기도,안산시,경기도,수원시,21200
경기도,안산시,경기도,성남시,7527
경기도,안산시,경기도,의정부시,3
경기도,안산시,경기도,안양시,25407
경기도,안산시,경기도,부천시,5947
경기도,안산시,경기도,광명시,6167
경기도,안산시,경기도,평택시,2977
경기도,안산시,경기도,동두천시,84
경기도,안산시,경기도,안산시,1255908
경기도,안산시,경기도,고양시,935
경기도,안산시,경기도,과천시,4591
경기도,안산시,경기도,구리시,1271
경기도,안산시,경기도,남양주시,261
경기도,안산시,경기도,오산시,680
경기도,안산시,경기도,시흥시,74088
경기도,안산시,경기도,군포시,17239
경기도,안산시,경기도,의왕시,5677
경기도,안산시,경기도,하남시,119
경기도,안산시,경기도,용인시,5147
경기도,안산시,경기도,파주시,1623
경기도,안산시,경기도,이천시,370
경기도,안산시,경기도,안성시,451
경기도,안산시,경기도,김포시,1141
경기도,안산시,경기도,화성시,29701
경기도,안산시,경기도,광주시,412
경기도,안산시,경기도,양주시,37
경기도,안산시,경기도,포천시,13
경기도,안산시,경기도,여주시,44
경기도,안산시,경기도,가평군,2
경기도,시흥시,서울,종로구,1589
경기도,시흥시,서울,중구,2210
경기도,시흥시,서울,용산구,860
경기도,시흥시,서울,성동구,335
경기도,시흥시,서울,광진구,484
경기도,시흥시,서울,동대문구,184
경기도,시흥시,서울,성북구,748
경기도,시흥시,서울,강북구,101
경기도,시흥시,서울,도봉구,75
경기도,시흥시,서울,은평구,71
경기도,시흥시,서울,서대문구,323
경기도,시흥시,서울,마포구,737
경기도,시흥시,서울,양천구,3185
경기도,시흥시,서울,강서구,2907
경기도,시흥시,서울,구로구,11915
경기도,시흥시,서울,금천구,7626
경기도,시흥시,서울,영등포구,10670
경기도,시흥시,서울,동작구,2816
경기도,시흥시,서울,관악구,3236
경기도,시흥시,서울,서초구,3478
경기도,시흥시,서울,강남구,4593
경기도,시흥시,서울,송파구,1434
경기도,시흥시,인천,중구,958
경기도,시흥시,인천,동구,1523
경기도,시흥시,인천,미추홀구,3875
경기도,시흥시,인천,연수구,8238
경기도,시흥시,인천,남동구,28779
경기도,시흥시,인천,부평구,7578
경기도,시흥시,인천,계양구,3150
경기도,시흥시,인천,서구,4096
경기도,시흥시,인천,강화군,139
경기도,시흥시,인천,옹진군,632
경기도,시흥시,경기도,수원시,6221
경기도,시흥시,경기도,성남시,2098
경기도,시흥시,경기도,의정부시,904
경기도,시흥시,경기도,안양시,15307
경기도,시흥시,경기도,부천시,33918
경기도,시흥시,경기도,광명시,9809
경기도,시흥시,경기도,평택시,6403
경기도,시흥시,경기도,동두천시,816
경기도,시흥시,경기도,안산시,69531
경기도,시흥시,경기도,고양시,5336
경기도,시흥시,경기도,과천시,1656
경기도,시흥시,경기도,구리시,1445
경기도,시흥시,경기도,남양주시,3967
경기도,시흥시,경기도,오산시,544
경기도,시흥시,경기도,시흥시,619842
경기도,시흥시,경기도,군포시,3550
경기도,시흥시,경기도,의왕시,4539
경기도,시흥시,경기도,하남시,188
경기도,시흥시,경기도,용인시,4350
경기도,시흥시,경기도,파주시,689
경기도,시흥시,경기도,이천시,120
경기도,시흥시,경기도,안성시,4
경기도,시흥시,경기도,김포시,3507
경기도,시흥시,경기도,화성시,8950
경기도,시흥시,경기도,광주시,911
경기도,시흥시,경기도,양주시,62
경기도,시흥시,경기도,포천시,7
경기도,시흥시,경기도,여주시,604
경기도,시흥시,경기도,가평군,45
경기도,수원시,서울,종로구,6357
경기도,수원시,서울,중구,7985
경기도,수원시,서울,용산구,3307
경기도,수원시,서울,성동구,1810
경기도,수원시,서울,광진구,1887
경기도,수원시,서울,동대문구,1930
경기도,수원시,서울,중랑구,384
경기도,수원시,서울,성북구,5715
경기도,수원시,서울,강북구,442
경기도,수원시,서울,도봉구,567
경기도,수원시,서울,노원구,2473
경기도,수원시,서울,은평구,1413
경기도,수원시,서울,서대문구,4951
경기도,수원시,서울,마포구,5328
경기도,수원시,서울,양천구,3099
경기도,수원시,서울,강서구,3298
경기도,수원시,서울,구로구,7455
경기도,수원시,서울,금천구,8837
경기도,수원시,서울,영등포구,12864
경기도,수원시,서울,동작구,7742
경기도,수원시,서울,관악구,2808
경기도,수원시,서울,서초구,21718
경기도,수원시,서울,강남구,30583
경기도,수원시,서울,송파구,11673
경기도,수원시,서울,강동구,5819
경기도,수원시,인천,중구,3140
경기도,수원시,인천,동구,61
경기도,수원시,인천,미추홀구,2094
경기도,수원시,인천,연수구,1987
경기도,수원시,인천,남동구,2973
경기도,수원시,인천,부평구,1525
경기도,수원시,인천,계양구,1749
경기도,수원시,인천,서구,1112
경기도,수원시,인천,강화군,207
경기도,수원시,인천,옹진군,6
경기도,수원시,경기도,수원시,1734943
경기도,수원시,경기도,성남시,45286
경기도,수원시,경기도,의정부시,779
경기도,수원시,경기도,안양시,28906
경기도,수원시,경기도,부천시,4207
경기도,수원시,경기도,광명시,3462
경기도,수원시,경기도,평택시,14147
경기도,수원시,경기도,동두천시,1346
경기도,수원시,경기도,안산시,21564
경기도,수원시,경기도,고양시,1704
경기도,수원시,경기도,과천시,2194
경기도,수원시,경기도,구리시,994
경기도,수원시,경기도,남양주시,2717
경기도,수원시,경기도,오산시,20493
경기도,수원시,경기도,시흥시,6212
경기도,수원시,경기도,군포시,20232
경기도,수원시,경기도,의왕시,19739
경기도,수원시,경기도,하남시,381
경기도,수원시,경기도,용인시,105342
경기도,수원시,경기도,파주시,3278
경기도,수원시,경기도,이천시,2150
경기도,수원시,경기도,안성시,2293
경기도,수원시,경기도,김포시,420
경기도,수원시,경기도,화성시,156496
경기도,수원시,경기도,광주시,1207
경기도,수원시,경기도,양주시,661
경기도,수원시,경기도,포천시,1947
경기도,수원시,경기도,여주시,502
경기도,수원시,경기도,가평군,5
경기도,수원시,경기도,양평군,1469
서울,송파구,서울,종로구,13980
서울,송파구,서울,중구,27359
서울,송파구,서울,용산구,5790
서울,송파구,서울,성동구,20242
서울,송파구,서울,광진구,48450
서울,송파구,서울,동대문구,8721
서울,송파구,서울,중랑구,13048
서울,송파구,서울,성북구,9678
서울,송파구,서울,강북구,5896
서울,송파구,서울,도봉구,4849
서울,송파구,서울,노원구,10752
서울,송파구,서울,은평구,3424
서울,송파구,서울,서대문구,7894
서울,송파구,서울,마포구,8926
서울,송파구,서울,양천구,3539
서울,송파구,서울,강서구,5959
서울,송파구,서울,구로구,5558
서울,송파구,서울,금천구,3619
서울,송파구,서울,영등포구,15297
서울,송파구,서울,동작구,6856
서울,송파구,서울,관악구,15147
서울,송파구,서울,서초구,54325
서울,송파구,서울,강남구,126921
서울,송파구,서울,송파구,820954
서울,송파구,서울,강동구,78717
서울,송파구,인천,중구,1538
서울,송파구,인천,동구,209
서울,송파구,인천,미추홀구,798
서울,송파구,인천,연수구,1537
서울,송파구,인천,남동구,2904
서울,송파구,인천,부평구,1259
서울,송파구,인천,계양구,1132
서울,송파구,인천,서구,1542
서울,송파구,인천,옹진군,2
서울,송파구,경기도,수원시,12263
서울,송파구,경기도,성남시,101295
서울,송파구,경기도,의정부시,2135
서울,송파구,경기도,안양시,4271
서울,송파구,경기도,부천시,6800
서울,송파구,경기도,광명시,2198
서울,송파구,경기도,평택시,549
서울,송파구,경기도,동두천시,1893
서울,송파구,경기도,안산시,1716
서울,송파구,경기도,고양시,3287
서울,송파구,경기도,과천시,2605
서울,송파구,경기도,구리시,5053
서울,송파구,경기도,남양주시,16409
서울,송파구,경기도,오산시,1011
서울,송파구,경기도,시흥시,1120
서울,송파구,경기도,군포시,1234
서울,송파구,경기도,의왕시,2440
서울,송파구,경기도,하남시,20138
서울,송파구,경기도,용인시,17549
서울,송파구,경기도,파주시,1475
서울,송파구,경기도,이천시,1670
서울,송파구,경기도,안성시,651
서울,송파구,경기도,김포시,673
서울,송파구,경기도,화성시,2346
서울,송파구,경기도,광주시,17608
서울,송파구,경기도,양주시,324
서울,송파구,경기도,포천시,771
서울,송파구,경기도,여주시,433
서울,송파구,경기도,가평군,456
서울,송파구,경기도,양평군,864
서울,성북구,서울,종로구,57238
서울,성북구,서울,중구,44377
서울,성북구,서울,용산구,7969
서울,성북구,서울,성동구,11747
서울,성북구,서울,광진구,5782
서울,성북구,서울,동대문구,34052
서울,성북구,서울,중랑구,9378
서울,성북구,서울,성북구,499366
서울,성북구,서울,강북구,50304
서울,성북구,서울,도봉구,20959
서울,성북구,서울,노원구,38347
서울,성북구,서울,은평구,8723
서울,성북구,서울,서대문구,6771
서울,성북구,서울,마포구,10809
서울,성북구,서울,양천구,4605
서울,성북구,서울,강서구,5747
서울,성북구,서울,구로구,4243
서울,성북구,서울,금천구,3231
서울,성북구,서울,영등포구,10659
서울,성북구,서울,동작구,7663
서울,성북구,서울,관악구,3730
서울,성북구,서울,서초구,14703
서울,성북구,서울,강남구,23403
서울,성북구,서울,송파구,11360
서울,성북구,서울,강동구,3346
서울,성북구,인천,중구,1144
서울,성북구,인천,동구,70
서울,성북구,인천,미추홀구,662
서울,성북구,인천,연수구,486
서울,성북구,인천,남동구,1489
서울,성북구,인천,부평구,731
서울,성북구,인천,계양구,894
서울,성북구,인천,서구,3043
서울,성북구,인천,강화군,239
서울,성북구,인천,옹진군,7
서울,성북구,경기도,수원시,7027
서울,성북구,경기도,성남시,5093
서울,성북구,경기도,의정부시,7038
서울,성북구,경기도,안양시,2343
서울,성북구,경기도,부천시,3011
서울,성북구,경기도,광명시,874
서울,성북구,경기도,평택시,307
서울,성북구,경기도,동두천시,1111
서울,성북구,경기도,안산시,1333
서울,성북구,경기도,고양시,7393
서울,성북구,경기도,과천시,3640
서울,성북구,경기도,구리시,2152
서울,성북구,경기도,남양주시,6522
서울,성북구,경기도,오산시,59
서울,성북구,경기도,시흥시,442
서울,성북구,경기도,군포시,646
서울,성북구,경기도,의왕시,348
서울,성북구,경기도,하남시,2255
서울,성북구,경기도,용인시,2052
서울,성북구,경기도,파주시,2916
서울,성북구,경기도,이천시,9
서울,성북구,경기도,안성시,228
서울,성북구,경기도,김포시,876
서울,성북구,경기도,화성시,2820
서울,성북구,경기도,광주시,305
서울,성북구,경기도,양주시,2383
서울,성북구,경기도,포천시,1327
서울,성북구,경기도,여주시,58
서울,성북구,경기도,가평군,427
서울,성북구,경기도,양평군,306
서울,성동구,서울,종로구,19682
서울,성동구,서울,중구,41426
서울,성동구,서울,용산구,13426
서울,성동구,서울,성동구,367885
서울,성동구,서울,광진구,40173
서울,성동구,서울,동대문구,33641
서울,성동구,서울,중랑구,14393
서울,성동구,서울,성북구,12664
서울,성동구,서울,강북구,4545
서울,성동구,서울,도봉구,5326
서울,성동구,서울,노원구,7962
서울,성동구,서울,은평구,5443
서울,성동구,서울,서대문구,31023
서울,성동구,서울,마포구,11507
서울,성동구,서울,양천구,2237
서울,성동구,서울,강서구,4737
서울,성동구,서울,구로구,3525
서울,성동구,서울,금천구,2335
서울,성동구,서울,영등포구,10493
서울,성동구,서울,동작구,4988
서울,성동구,서울,관악구,5956
서울,성동구,서울,서초구,16388
서울,성동구,서울,강남구,40300
서울,성동구,서울,송파구,20116
서울,성동구,서울,강동구,10219
서울,성동구,인천,중구,125
서울,성동구,인천,동구,25
서울,성동구,인천,미추홀구,723
서울,성동구,인천,연수구,484
서울,성동구,인천,남동구,906
서울,성동구,인천,부평구,845
서울,성동구,인천,계양구,2289
서울,성동구,인천,서구,2717
서울,성동구,인천,옹진군,7
서울,성동구,경기도,수원시,2499
서울,성동구,경기도,성남시,9487
서울,성동구,경기도,의정부시,4537
서울,성동구,경기도,안양시,1186
서울,성동구,경기도,부천시,2233
서울,성동구,경기도,광명시,2911
서울,성동구,경기도,평택시,180
서울,성동구,경기도,동두천시,319
서울,성동구,경기도,안산시,604
서울,성동구,경기도,고양시,7652
서울,성동구,경기도,과천시,3950
서울,성동구,경기도,구리시,5650
서울,성동구,경기도,남양주시,6172
서울,성동구,경기도,오산시,94
서울,성동구,경기도,시흥시,387
서울,성동구,경기도,군포시,614
서울,성동구,경기도,의왕시,481
서울,성동구,경기도,하남시,959
서울,성동구,경기도,용인시,2350
서울,성동구,경기도,파주시,913
서울,성동구,경기도,이천시,296
서울,성동구,경기도,안성시,190
서울,성동구,경기도,김포시,980
서울,성동구,경기도,화성시,961
서울,성동구,경기도,광주시,826
서울,성동구,경기도,양주시,376
서울,성동구,경기도,포천시,503
서울,성동구,경기도,여주시,233
서울,성동구,경기도,가평군,82
서울,성동구,경기도,양평군,987
경기도,성남시,서울,종로구,18665
경기도,성남시,서울,중구,15473
경기도,성남시,서울,용산구,5090
경기도,성남시,서울,성동구,9346
경기도,성남시,서울,광진구,10901
경기도,성남시,서울,동대문구,6296
경기도,성남시,서울,중랑구,3057
경기도,성남시,서울,성북구,5144
경기도,성남시,서울,강북구,1073
경기도,성남시,서울,도봉구,3043
경기도,성남시,서울,노원구,9202
경기도,성남시,서울,은평구,2181
경기도,성남시,서울,서대문구,5762
경기도,성남시,서울,마포구,5241
경기도,성남시,서울,양천구,2613
경기도,성남시,서울,강서구,6157
경기도,성남시,서울,구로구,6383
경기도,성남시,서울,금천구,4634
경기도,성남시,서울,영등포구,5711
경기도,성남시,서울,동작구,9265
경기도,성남시,서울,관악구,9605
경기도,성남시,서울,서초구,57803
경기도,성남시,서울,강남구,98448
경기도,성남시,서울,송파구,87470
경기도,성남시,서울,강동구,17477
경기도,성남시,인천,중구,4252
경기도,성남시,인천,동구,408
경기도,성남시,인천,미추홀구,1366
경기도,성남시,인천,연수구,3531
경기도,성남시,인천,남동구,1149
경기도,성남시,인천,부평구,2556
경기도,성남시,인천,계양구,630
경기도,성남시,인천,서구,393
경기도,성남시,인천,강화군,43
경기도,성남시,인천,옹진군,4
경기도,성남시,경기도,수원시,42519
경기도,성남시,경기도,성남시,1524993
경기도,성남시,경기도,의정부시,1695
경기도,성남시,경기도,안양시,23690
경기도,성남시,경기도,부천시,2805
경기도,성남시,경기도,광명시,2385
경기도,성남시,경기도,평택시,1997
경기도,성남시,경기도,동두천시,234
경기도,성남시,경기도,안산시,5076
경기도,성남시,경기도,고양시,7109
경기도,성남시,경기도,과천시,2891
경기도,성남시,경기도,구리시,6178
경기도,성남시,경기도,남양주시,8211
경기도,성남시,경기도,오산시,1354
경기도,성남시,경기도,시흥시,1811
경기도,성남시,경기도,군포시,4079
경기도,성남시,경기도,의왕시,8665
경기도,성남시,경기도,하남시,7664
경기도,성남시,경기도,용인시,146025
경기도,성남시,경기도,파주시,982
경기도,성남시,경기도,이천시,5371
경기도,성남시,경기도,안성시,1276
경기도,성남시,경기도,김포시,396
경기도,성남시,경기도,화성시,9091
경기도,성남시,경기도,광주시,49635
경기도,성남시,경기도,양주시,357
경기도,성남시,경기도,포천시,107
경기도,성남시,경기도,여주시,1241
경기도,성남시,경기도,가평군,20
경기도,성남시,경기도,양평군,2352
서울,서초구,서울,종로구,15471
서울,서초구,서울,중구,38775
서울,서초구,서울,용산구,21412
서울,서초구,서울,성동구,16890
서울,서초구,서울,광진구,19536
서울,서초구,서울,동대문구,11464
서울,서초구,서울,중랑구,10291
서울,서초구,서울,성북구,17466
서울,서초구,서울,강북구,5754
서울,서초구,서울,도봉구,7187
서울,서초구,서울,노원구,12234
서울,서초구,서울,은평구,14136
서울,서초구,서울,서대문구,11084
서울,서초구,서울,마포구,19739
서울,서초구,서울,양천구,8927
서울,서초구,서울,강서구,13639
서울,서초구,서울,구로구,13677
서울,서초구,서울,금천구,11451
서울,서초구,서울,영등포구,31562
서울,서초구,서울,동작구,58998
서울,서초구,서울,관악구,61420
서울,서초구,서울,서초구,586572
서울,서초구,서울,강남구,193592
서울,서초구,서울,송파구,49129
서울,서초구,서울,강동구,19816
서울,서초구,인천,중구,375
서울,서초구,인천,동구,228
서울,서초구,인천,미추홀구,2376
서울,서초구,인천,연수구,4235
서울,서초구,인천,남동구,11967
서울,서초구,인천,부평구,8083
서울,서초구,인천,계양구,3972
서울,서초구,인천,서구,3210
서울,서초구,인천,옹진군,1
서울,서초구,경기도,수원시,17550
서울,서초구,경기도,성남시,53971
서울,서초구,경기도,의정부시,2902
서울,서초구,경기도,안양시,18394
서울,서초구,경기도,부천시,12019
서울,서초구,경기도,광명시,10573
서울,서초구,경기도,평택시,725
서울,서초구,경기도,동두천시,891
서울,서초구,경기도,안산시,7355
서울,서초구,경기도,고양시,15467
서울,서초구,경기도,과천시,14326
서울,서초구,경기도,구리시,3323
서울,서초구,경기도,남양주시,7019
서울,서초구,경기도,오산시,784
서울,서초구,경기도,시흥시,2878
서울,서초구,경기도,군포시,7848
서울,서초구,경기도,의왕시,4829
서울,서초구,경기도,하남시,3834
서울,서초구,경기도,용인시,27103
서울,서초구,경기도,파주시,2859
서울,서초구,경기도,이천시,127
서울,서초구,경기도,안성시,477
서울,서초구,경기도,김포시,5870
서울,서초구,경기도,화성시,13507
서울,서초구,경기도,광주시,4032
서울,서초구,경기도,양주시,6562
서울,서초구,경기도,포천시,112
서울,서초구,경기도,여주시,267
서울,서초구,경기도,가평군,33
서울,서초구,경기도,양평군,600
서울,서대문구,서울,종로구,37198
서울,서대문구,서울,중구,37484
서울,서대문구,서울,용산구,6308
서울,서대문구,서울,성동구,5580
서울,서대문구,서울,광진구,6455
서울,서대문구,서울,동대문구,5155
서울,서대문구,서울,중랑구,1409
서울,서대문구,서울,성북구,7248
서울,서대문구,서울,강북구,3997
서울,서대문구,서울,도봉구,2621
서울,서대문구,서울,노원구,3761
서울,서대문구,서울,은평구,50707
서울,서대문구,서울,서대문구,345591
서울,서대문구,서울,마포구,63082
서울,서대문구,서울,양천구,6787
서울,서대문구,서울,강서구,10724
서울,서대문구,서울,구로구,5191
서울,서대문구,서울,금천구,2006
서울,서대문구,서울,영등포구,17617
서울,서대문구,서울,동작구,7576
서울,서대문구,서울,관악구,5865
서울,서대문구,서울,서초구,11938
서울,서대문구,서울,강남구,12361
서울,서대문구,서울,송파구,7078
서울,서대문구,서울,강동구,5329
서울,서대문구,인천,중구,1435
서울,서대문구,인천,동구,25
서울,서대문구,인천,미추홀구,1866
서울,서대문구,인천,연수구,842
서울,서대문구,인천,남동구,1329
서울,서대문구,인천,부평구,3100
서울,서대문구,인천,계양구,2175
서울,서대문구,인천,서구,2915
서울,서대문구,인천,강화군,81
서울,서대문구,인천,옹진군,1
서울,서대문구,경기도,수원시,3069
서울,서대문구,경기도,성남시,3245
서울,서대문구,경기도,의정부시,1049
서울,서대문구,경기도,안양시,2310
서울,서대문구,경기도,부천시,4086
서울,서대문구,경기도,광명시,2737
서울,서대문구,경기도,평택시,296
서울,서대문구,경기도,동두천시,348
서울,서대문구,경기도,안산시,271
서울,서대문구,경기도,고양시,22276
서울,서대문구,경기도,과천시,682
서울,서대문구,경기도,구리시,1050
서울,서대문구,경기도,남양주시,1405
서울,서대문구,경기도,오산시,1733
서울,서대문구,경기도,시흥시,561
서울,서대문구,경기도,군포시,1008
서울,서대문구,경기도,의왕시,285
서울,서대문구,경기도,하남시,242
서울,서대문구,경기도,용인시,3661
서울,서대문구,경기도,파주시,3408
서울,서대문구,경기도,이천시,143
서울,서대문구,경기도,안성시,176
서울,서대문구,경기도,김포시,4035
서울,서대문구,경기도,화성시,283
서울,서대문구,경기도,광주시,529
서울,서대문구,경기도,양주시,594
서울,서대문구,경기도,포천시,26
서울,서대문구,경기도,연천군,114
서울,서대문구,경기도,양평군,471
인천,서구,서울,종로구,1971
인천,서구,서울,중구,7679
인천,서구,서울,용산구,3064
인천,서구,서울,성동구,2089
인천,서구,서울,광진구,324
인천,서구,서울,동대문구,303
인천,서구,서울,중랑구,1248
인천,서구,서울,성북구,2125
인천,서구,서울,강북구,217
인천,서구,서울,도봉구,1207
인천,서구,서울,노원구,286
인천,서구,서울,은평구,248
인천,서구,서울,서대문구,2764
인천,서구,서울,마포구,7015
인천,서구,서울,양천구,5433
인천,서구,서울,강서구,8688
인천,서구,서울,구로구,3990
인천,서구,서울,금천구,3369
인천,서구,서울,영등포구,6681
인천,서구,서울,동작구,3351
인천,서구,서울,관악구,1917
인천,서구,서울,서초구,3121
인천,서구,서울,강남구,5705
인천,서구,서울,송파구,1142
인천,서구,서울,강동구,121
인천,서구,인천,중구,18525
인천,서구,인천,동구,26545
인천,서구,인천,미추홀구,29932
인천,서구,인천,연수구,15559
인천,서구,인천,남동구,34394
인천,서구,인천,부평구,56865
인천,서구,인천,계양구,32460
인천,서구,인천,서구,654588
인천,서구,인천,강화군,2228
인천,서구,인천,옹진군,929
인천,서구,경기도,수원시,1476
인천,서구,경기도,성남시,490
인천,서구,경기도,의정부시,1024
인천,서구,경기도,안양시,1523
인천,서구,경기도,부천시,15525
인천,서구,경기도,광명시,1861
인천,서구,경기도,평택시,128
인천,서구,경기도,동두천시,189
인천,서구,경기도,안산시,6092
인천,서구,경기도,고양시,11116
인천,서구,경기도,과천시,111
인천,서구,경기도,남양주시,110
인천,서구,경기도,오산시,113
인천,서구,경기도,시흥시,3465
인천,서구,경기도,군포시,96
인천,서구,경기도,의왕시,216
인천,서구,경기도,하남시,1087
인천,서구,경기도,용인시,1744
인천,서구,경기도,파주시,1708
인천,서구,경기도,이천시,21
인천,서구,경기도,안성시,99
인천,서구,경기도,김포시,41159
인천,서구,경기도,화성시,1825
인천,서구,경기도,광주시,7
인천,서구,경기도,양주시,1741
인천,서구,경기도,여주시,16
인천,서구,경기도,가평군,90
인천,부평구,서울,종로구,2705
인천,부평구,서울,중구,4828
인천,부평구,서울,용산구,4946
인천,부평구,서울,성동구,832
인천,부평구,서울,광진구,739
인천,부평구,서울,동대문구,1098
인천,부평구,서울,중랑구,193
인천,부평구,서울,성북구,560
인천,부평구,서울,강북구,357
인천,부평구,서울,도봉구,344
인천,부평구,서울,노원구,550
인천,부평구,서울,은평구,2286
인천,부평구,서울,서대문구,2252
인천,부평구,서울,마포구,5244
인천,부평구,서울,양천구,3374
인천,부평구,서울,강서구,5720
인천,부평구,서울,구로구,11206
인천,부평구,서울,금천구,8951
인천,부평구,서울,영등포구,20647
인천,부평구,서울,동작구,2657
인천,부평구,서울,관악구,2724
인천,부평구,서울,서초구,6139
인천,부평구,서울,강남구,7129
인천,부평구,서울,송파구,1372
인천,부평구,서울,강동구,107
인천,부평구,인천,중구,10267
인천,부평구,인천,동구,10389
인천,부평구,인천,미추홀구,28019
인천,부평구,인천,연수구,19069
인천,부평구,인천,남동구,58831
인천,부평구,인천,부평구,515675
인천,부평구,인천,계양구,54017
인천,부평구,인천,서구,48032
인천,부평구,인천,강화군,939
인천,부평구,인천,옹진군,16
인천,부평구,경기도,수원시,1176
인천,부평구,경기도,성남시,2473
인천,부평구,경기도,의정부시,273
인천,부평구,경기도,안양시,3484
인천,부평구,경기도,부천시,69354
인천,부평구,경기도,광명시,4420
인천,부평구,경기도,평택시,319
인천,부평구,경기도,동두천시,4
인천,부평구,경기도,안산시,3666
인천,부평구,경기도,고양시,5385
인천,부평구,경기도,과천시,150
인천,부평구,경기도,남양주시,926
인천,부평구,경기도,오산시,454
인천,부평구,경기도,시흥시,6268
인천,부평구,경기도,군포시,1360
인천,부평구,경기도,의왕시,129
인천,부평구,경기도,하남시,1
인천,부평구,경기도,용인시,893
인천,부평구,경기도,파주시,1052
인천,부평구,경기도,이천시,236
인천,부평구,경기도,안성시,39
인천,부평구,경기도,김포시,5889
인천,부평구,경기도,화성시,1832
인천,부평구,경기도,광주시,65
인천,부평구,경기도,포천시,213
인천,부평구,경기도,여주시,9
인천,부평구,경기도,연천군,107
인천,부평구,경기도,가평군,22
인천,부평구,경기도,양평군,56
경기도,부천시,서울,종로구,10098
경기도,부천시,서울,중구,13889
경기도,부천시,서울,용산구,10733
경기도,부천시,서울,성동구,4596
경기도,부천시,서울,광진구,1686
경기도,부천시,서울,동대문구,2709
경기도,부천시,서울,중랑구,1597
경기도,부천시,서울,성북구,2753
경기도,부천시,서울,강북구,1602
경기도,부천시,서울,도봉구,565
경기도,부천시,서울,노원구,1583
경기도,부천시,서울,은평구,2209
경기도,부천시,서울,서대문구,4811
경기도,부천시,서울,마포구,10214
경기도,부천시,서울,양천구,26042
경기도,부천시,서울,강서구,32537
경기도,부천시,서울,구로구,45877
경기도,부천시,서울,금천구,13631
경기도,부천시,서울,영등포구,26378
경기도,부천시,서울,동작구,9257
경기도,부천시,서울,관악구,5000
경기도,부천시,서울,서초구,11456
경기도,부천시,서울,강남구,14982
경기도,부천시,서울,송파구,8546
경기도,부천시,서울,강동구,846
경기도,부천시,인천,중구,7150
경기도,부천시,인천,동구,4292
경기도,부천시,인천,미추홀구,14991
경기도,부천시,인천,연수구,9855
경기도,부천시,인천,남동구,26499
경기도,부천시,인천,부평구,78036
경기도,부천시,인천,계양구,19069
경기도,부천시,인천,서구,14747
경기도,부천시,인천,강화군,58
경기도,부천시,인천,옹진군,36
경기도,부천시,경기도,수원시,3538
경기도,부천시,경기도,성남시,3703
경기도,부천시,경기도,의정부시,1948
경기도,부천시,경기도,안양시,7403
경기도,부천시,경기도,부천시,1161771
경기도,부천시,경기도,광명시,11409
경기도,부천시,경기도,평택시,948
경기도,부천시,경기도,동두천시,1596
경기도,부천시,경기도,안산시,5395
경기도,부천시,경기도,고양시,15925
경기도,부천시,경기도,과천시,1215
경기도,부천시,경기도,구리시,175
경기도,부천시,경기도,남양주시,1089
경기도,부천시,경기도,오산시,488
경기도,부천시,경기도,시흥시,32048
경기도,부천시,경기도,군포시,2265
경기도,부천시,경기도,의왕시,1708
경기도,부천시,경기도,하남시,34
경기도,부천시,경기도,용인시,1578
경기도,부천시,경기도,파주시,7619
경기도,부천시,경기도,이천시,45
경기도,부천시,경기도,안성시,921
경기도,부천시,경기도,김포시,10167
경기도,부천시,경기도,화성시,3750
경기도,부천시,경기도,광주시,131
경기도,부천시,경기도,양주시,401
경기도,부천시,경기도,여주시,103
경기도,부천시,경기도,연천군,1355
경기도,부천시,경기도,가평군,41
서울,마포구,서울,종로구,25620
서울,마포구,서울,중구,45193
서울,마포구,서울,용산구,31454
서울,마포구,서울,성동구,11141
서울,마포구,서울,광진구,4902
서울,마포구,서울,동대문구,8718
서울,마포구,서울,중랑구,5001
서울,마포구,서울,성북구,11461
서울,마포구,서울,강북구,4178
서울,마포구,서울,도봉구,3304
서울,마포구,서울,노원구,7098
서울,마포구,서울,은평구,38849
서울,마포구,서울,서대문구,52289
서울,마포구,서울,마포구,469449
서울,마포구,서울,양천구,16789
서울,마포구,서울,강서구,25030
서울,마포구,서울,구로구,11522
서울,마포구,서울,금천구,8091
서울,마포구,서울,영등포구,44310
서울,마포구,서울,동작구,14819
서울,마포구,서울,관악구,15767
서울,마포구,서울,서초구,19993
서울,마포구,서울,강남구,25015
서울,마포구,서울,송파구,9925
서울,마포구,서울,강동구,5533
서울,마포구,인천,중구,2150
서울,마포구,인천,동구,1778
서울,마포구,인천,미추홀구,2262
서울,마포구,인천,연수구,2233
서울,마포구,인천,남동구,3969
서울,마포구,인천,부평구,5643
서울,마포구,인천,계양구,3612
서울,마포구,인천,서구,7125
서울,마포구,인천,강화군,47
서울,마포구,인천,옹진군,11
서울,마포구,경기도,수원시,4916
서울,마포구,경기도,성남시,5280
서울,마포구,경기도,의정부시,1257
서울,마포구,경기도,안양시,4943
서울,마포구,경기도,부천시,9662
서울,마포구,경기도,광명시,4211
서울,마포구,경기도,평택시,412
서울,마포구,경기도,동두천시,297
서울,마포구,경기도,안산시,4094
서울,마포구,경기도,고양시,39423
서울,마포구,경기도,과천시,1195
서울,마포구,경기도,구리시,1629
서울,마포구,경기도,남양주시,1417
서울,마포구,경기도,시흥시,831
서울,마포구,경기도,군포시,1320
서울,마포구,경기도,의왕시,751
서울,마포구,경기도,하남시,1378
서울,마포구,경기도,용인시,5346
서울,마포구,경기도,파주시,7702
서울,마포구,경기도,이천시,22
서울,마포구,경기도,안성시,297
서울,마포구,경기도,김포시,10640
서울,마포구,경기도,화성시,1394
서울,마포구,경기도,양주시,611
서울,마포구,경기도,포천시,1
서울,마포구,경기도,여주시,58
서울,마포구,경기도,가평군,118
서울,마포구,경기도,양평군,311
서울,동작구,서울,종로구,6647
서울,동작구,서울,중구,20705
서울,동작구,서울,용산구,16313
서울,동작구,서울,성동구,4567
서울,동작구,서울,광진구,4072
서울,동작구,서울,동대문구,5318
서울,동작구,서울,중랑구,2847
서울,동작구,서울,성북구,5130
서울,동작구,서울,강북구,3911
서울,동작구,서울,도봉구,2823
서울,동작구,서울,노원구,4273
서울,동작구,서울,은평구,3665
서울,동작구,서울,서대문구,7268
서울,동작구,서울,마포구,12306
서울,동작구,서울,양천구,11918
서울,동작구,서울,강서구,10718
서울,동작구,서울,구로구,15566
서울,동작구,서울,금천구,11564
서울,동작구,서울,영등포구,46155
서울,동작구,서울,동작구,385876
서울,동작구,서울,관악구,63830
서울,동작구,서울,서초구,50194
서울,동작구,서울,강남구,28355
서울,동작구,서울,송파구,5622
서울,동작구,서울,강동구,1453
서울,동작구,인천,중구,1989
서울,동작구,인천,동구,260
서울,동작구,인천,미추홀구,2499
서울,동작구,인천,연수구,2219
서울,동작구,인천,남동구,1671
서울,동작구,인천,부평구,3222
서울,동작구,인천,계양구,1312
서울,동작구,인천,서구,2082
서울,동작구,인천,강화군,266
서울,동작구,인천,옹진군,6
서울,동작구,경기도,수원시,13263
서울,동작구,경기도,성남시,7619
서울,동작구,경기도,의정부시,1251
서울,동작구,경기도,안양시,11732
서울,동작구,경기도,부천시,9068
서울,동작구,경기도,광명시,8725
서울,동작구,경기도,평택시,549
서울,동작구,경기도,동두천시,30
서울,동작구,경기도,안산시,3782
서울,동작구,경기도,고양시,3935
서울,동작구,경기도,과천시,5933
서울,동작구,경기도,구리시,980
서울,동작구,경기도,남양주시,1405
서울,동작구,경기도,오산시,1409
서울,동작구,경기도,시흥시,2626
서울,동작구,경기도,군포시,4381
서울,동작구,경기도,의왕시,1377
서울,동작구,경기도,하남시,1030
서울,동작구,경기도,용인시,4979
서울,동작구,경기도,파주시,1707
서울,동작구,경기도,이천시,785
서울,동작구,경기도,안성시,197
서울,동작구,경기도,김포시,1520
서울,동작구,경기도,화성시,1397
서울,동작구,경기도,광주시,477
서울,동작구,경기도,양주시,111
서울,동작구,경기도,여주시,43
서울,동작구,경기도,가평군,4
서울,동작구,경기도,양평군,92
경기도,동두천시,서울,종로구,1420
경기도,동두천시,서울,중구,2580
경기도,동두천시,서울,용산구,692
경기도,동두천시,서울,성동구,438
경기도,동두천시,서울,광진구,467
경기도,동두천시,서울,동대문구,1313
경기도,동두천시,서울,중랑구,139
경기도,동두천시,서울,성북구,988
경기도,동두천시,서울,강북구,630
경기도,동두천시,서울,도봉구,2765
경기도,동두천시,서울,노원구,3210
경기도,동두천시,서울,은평구,181
경기도,동두천시,서울,서대문구,276
경기도,동두천시,서울,마포구,281
경기도,동두천시,서울,양천구,151
경기도,동두천시,서울,강서구,464
경기도,동두천시,서울,구로구,584
경기도,동두천시,서울,금천구,149
경기도,동두천시,서울,영등포구,497
경기도,동두천시,서울,동작구,3
경기도,동두천시,서울,관악구,81
경기도,동두천시,서울,서초구,1125
경기도,동두천시,서울,강남구,1323
경기도,동두천시,서울,송파구,2179
경기도,동두천시,서울,강동구,202
경기도,동두천시,인천,중구,8
경기도,동두천시,인천,미추홀구,1677
경기도,동두천시,인천,연수구,41
경기도,동두천시,인천,남동구,397
경기도,동두천시,인천,부평구,6
경기도,동두천시,인천,계양구,183
경기도,동두천시,인천,서구,131
경기도,동두천시,경기도,수원시,2159
경기도,동두천시,경기도,성남시,410
경기도,동두천시,경기도,의정부시,9948
경기도,동두천시,경기도,부천시,1693
경기도,동두천시,경기도,동두천시,135888
경기도,동두천시,경기도,안산시,77
경기도,동두천시,경기도,고양시,652
경기도,동두천시,경기도,구리시,150
경기도,동두천시,경기도,남양주시,277
경기도,동두천시,경기도,시흥시,990
경기도,동두천시,경기도,하남시,99
경기도,동두천시,경기도,용인시,5
경기도,동두천시,경기도,파주시,928
경기도,동두천시,경기도,이천시,669
경기도,동두천시,경기도,안성시,116
경기도,동두천시,경기도,김포시,122
경기도,동두천시,경기도,양주시,11239
경기도,동두천시,경기도,포천시,1935
경기도,동두천시,경기도,연천군,3536
경기도,동두천시,경기도,양평군,99
서울,동대문구,서울,종로구,30624
서울,동대문구,서울,중구,35411
서울,동대문구,서울,용산구,7137
서울,동대문구,서울,성동구,37187
서울,동대문구,서울,광진구,17375
서울,동대문구,서울,동대문구,450676
서울,동대문구,서울,중랑구,35395
서울,동대문구,서울,성북구,39685
서울,동대문구,서울,강북구,13379
서울,동대문구,서울,도봉구,10214
서울,동대문구,서울,노원구,18730
서울,동대문구,서울,은평구,3666
서울,동대문구,서울,서대문구,5139
서울,동대문구,서울,마포구,8495
서울,동대문구,서울,양천구,2338
서울,동대문구,서울,강서구,7015
서울,동대문구,서울,구로구,4040
서울,동대문구,서울,금천구,1452
서울,동대문구,서울,영등포구,7591
서울,동대문구,서울,동작구,5590
서울,동대문구,서울,관악구,2380
서울,동대문구,서울,서초구,10126
서울,동대문구,서울,강남구,22215
서울,동대문구,서울,송파구,10694
서울,동대문구,서울,강동구,7378
서울,동대문구,인천,중구,578
서울,동대문구,인천,동구,197
서울,동대문구,인천,미추홀구,353
서울,동대문구,인천,연수구,148
서울,동대문구,인천,남동구,853
서울,동대문구,인천,부평구,1131
서울,동대문구,인천,계양구,652
서울,동대문구,인천,서구,169
서울,동대문구,인천,옹진군,4
서울,동대문구,경기도,수원시,2263
서울,동대문구,경기도,성남시,7073
서울,동대문구,경기도,의정부시,7104
서울,동대문구,경기도,안양시,2025
서울,동대문구,경기도,부천시,2527
서울,동대문구,경기도,광명시,837
서울,동대문구,경기도,평택시,1300
서울,동대문구,경기도,동두천시,2089
서울,동대문구,경기도,안산시,982
서울,동대문구,경기도,고양시,5016
서울,동대문구,경기도,과천시,598
서울,동대문구,경기도,구리시,6573
서울,동대문구,경기도,남양주시,12204
서울,동대문구,경기도,오산시,356
서울,동대문구,경기도,시흥시,268
서울,동대문구,경기도,군포시,600
서울,동대문구,경기도,의왕시,920
서울,동대문구,경기도,하남시,3939
서울,동대문구,경기도,용인시,2383
서울,동대문구,경기도,파주시,241
서울,동대문구,경기도,이천시,1434
서울,동대문구,경기도,안성시,223
서울,동대문구,경기도,김포시,255
서울,동대문구,경기도,화성시,1068
서울,동대문구,경기도,광주시,1017
서울,동대문구,경기도,양주시,1702
서울,동대문구,경기도,포천시,453
서울,동대문구,경기도,여주시,83
서울,동대문구,경기도,연천군,2
서울,동대문구,경기도,가평군,326
서울,동대문구,경기도,양평군,1423
인천,동구,서울,종로구,360
인천,동구,서울,중구,2967
인천,동구,서울,용산구,86
인천,동구,서울,성동구,23
인천,동구,서울,광진구,10
인천,동구,서울,동대문구,219
인천,동구,서울,중랑구,124
인천,동구,서울,성북구,27
인천,동구,서울,서대문구,195
인천,동구,서울,마포구,1165
인천,동구,서울,양천구,561
인천,동구,서울,강서구,573
인천,동구,서울,구로구,1362
인천,동구,서울,금천구,519
인천,동구,서울,영등포구,1122
인천,동구,서울,동작구,103
인천,동구,서울,관악구,473
인천,동구,서울,서초구,108
인천,동구,서울,강남구,143
인천,동구,서울,송파구,407
인천,동구,인천,중구,16854
인천,동구,인천,동구,77820
인천,동구,인천,미추홀구,21851
인천,동구,인천,연수구,8446
인천,동구,인천,남동구,15059
인천,동구,인천,부평구,10870
인천,동구,인천,계양구,2272
인천,동구,인천,서구,23082
인천,동구,인천,강화군,379
인천,동구,인천,옹진군,43
인천,동구,경기도,수원시,111
인천,동구,경기도,성남시,371
인천,동구,경기도,안양시,118
인천,동구,경기도,부천시,4634
인천,동구,경기도,광명시,245
인천,동구,경기도,평택시,27
인천,동구,경기도,안산시,153
인천,동구,경기도,고양시,286
인천,동구,경기도,시흥시,1467
인천,동구,경기도,군포시,16
인천,동구,경기도,하남시,268
인천,동구,경기도,용인시,239
인천,동구,경기도,파주시,17
인천,동구,경기도,이천시,5
인천,동구,경기도,안성시,402
인천,동구,경기도,김포시,450
인천,동구,경기도,화성시,158
인천,동구,경기도,광주시,19
인천,동구,경기도,포천시,2
인천,동구,경기도,양평군,74
서울,도봉구,서울,종로구,16518
서울,도봉구,서울,중구,17191
서울,도봉구,서울,용산구,3482
서울,도봉구,서울,성동구,6916
서울,도봉구,서울,광진구,4060
서울,도봉구,서울,동대문구,9961
서울,도봉구,서울,중랑구,7087
서울,도봉구,서울,성북구,21504
서울,도봉구,서울,강북구,43267
서울,도봉구,서울,도봉구,346060
서울,도봉구,서울,노원구,42145
서울,도봉구,서울,은평구,694
서울,도봉구,서울,서대문구,1747
서울,도봉구,서울,마포구,3198
서울,도봉구,서울,양천구,1622
서울,도봉구,서울,강서구,691
서울,도봉구,서울,구로구,1301
서울,도봉구,서울,금천구,796
서울,도봉구,서울,영등포구,5190
서울,도봉구,서울,동작구,1775
서울,도봉구,서울,관악구,1223
서울,도봉구,서울,서초구,5376
서울,도봉구,서울,강남구,10854
서울,도봉구,서울,송파구,4448
서울,도봉구,서울,강동구,1144
서울,도봉구,인천,중구,93
서울,도봉구,인천,미추홀구,26
서울,도봉구,인천,연수구,35
서울,도봉구,인천,남동구,581
서울,도봉구,인천,부평구,409
서울,도봉구,인천,계양구,145
서울,도봉구,인천,서구,1142
서울,도봉구,인천,옹진군,7
서울,도봉구,경기도,수원시,439
서울,도봉구,경기도,성남시,2751
서울,도봉구,경기도,의정부시,23918
서울,도봉구,경기도,안양시,1123
서울,도봉구,경기도,부천시,692
서울,도봉구,경기도,광명시,1
서울,도봉구,경기도,평택시,279
서울,도봉구,경기도,동두천시,3345
서울,도봉구,경기도,안산시,221
서울,도봉구,경기도,고양시,4992
서울,도봉구,경기도,과천시,193
서울,도봉구,경기도,구리시,2159
서울,도봉구,경기도,남양주시,3673
서울,도봉구,경기도,시흥시,119
서울,도봉구,경기도,군포시,471
서울,도봉구,경기도,하남시,793
서울,도봉구,경기도,용인시,1645
서울,도봉구,경기도,파주시,508
서울,도봉구,경기도,이천시,345
서울,도봉구,경기도,화성시,206
서울,도봉구,경기도,광주시,375
서울,도봉구,경기도,양주시,7772
서울,도봉구,경기도,포천시,1293
서울,도봉구,경기도,여주시,405
서울,도봉구,경기도,가평군,118
서울,도봉구,경기도,양평군,129
서울,노원구,서울,종로구,17846
서울,노원구,서울,중구,22803
서울,노원구,서울,용산구,4633
서울,노원구,서울,성동구,10732
서울,노원구,서울,광진구,8190
서울,노원구,서울,동대문구,17017
서울,노원구,서울,중랑구,30169
서울,노원구,서울,성북구,35924
서울,노원구,서울,강북구,27071
서울,노원구,서울,도봉구,39068
서울,노원구,서울,노원구,610854
서울,노원구,서울,은평구,2417
서울,노원구,서울,서대문구,4710
서울,노원구,서울,마포구,6989
서울,노원구,서울,양천구,1002
서울,노원구,서울,강서구,4529
서울,노원구,서울,구로구,2619
서울,노원구,서울,금천구,1121
서울,노원구,서울,영등포구,5788
서울,노원구,서울,동작구,3900
서울,노원구,서울,관악구,1608
서울,노원구,서울,서초구,10719
서울,노원구,서울,강남구,20155
서울,노원구,서울,송파구,9585
서울,노원구,서울,강동구,3356
서울,노원구,인천,중구,1432
서울,노원구,인천,미추홀구,52
서울,노원구,인천,연수구,67
서울,노원구,인천,남동구,396
서울,노원구,인천,부평구,329
서울,노원구,인천,계양구,1112
서울,노원구,인천,서구,358
서울,노원구,인천,옹진군,1
서울,노원구,경기도,수원시,2762
서울,노원구,경기도,성남시,9667
서울,노원구,경기도,의정부시,23218
서울,노원구,경기도,안양시,633
서울,노원구,경기도,부천시,1967
서울,노원구,경기도,광명시,169
서울,노원구,경기도,평택시,671
서울,노원구,경기도,동두천시,3406
서울,노원구,경기도,안산시,2518
서울,노원구,경기도,고양시,4853
서울,노원구,경기도,과천시,4428
서울,노원구,경기도,구리시,7350
서울,노원구,경기도,남양주시,38292
서울,노원구,경기도,오산시,17
서울,노원구,경기도,군포시,336
서울,노원구,경기도,의왕시,1235
서울,노원구,경기도,하남시,3235
서울,노원구,경기도,용인시,2532
서울,노원구,경기도,파주시,702
서울,노원구,경기도,이천시,2922
서울,노원구,경기도,안성시,32
서울,노원구,경기도,김포시,127
서울,노원구,경기도,화성시,924
서울,노원구,경기도,광주시,971
서울,노원구,경기도,양주시,11083
서울,노원구,경기도,포천시,5430
서울,노원구,경기도,여주시,10
서울,노원구,경기도,연천군,660
서울,노원구,경기도,양평군,54
경기도,남양주시,서울,종로구,5743
경기도,남양주시,서울,중구,8465
경기도,남양주시,서울,용산구,2629
경기도,남양주시,서울,성동구,5710
경기도,남양주시,서울,광진구,11139
경기도,남양주시,서울,동대문구,11985
경기도,남양주시,서울,중랑구,23402
경기도,남양주시,서울,성북구,4181
경기도,남양주시,서울,강북구,2409
경기도,남양주시,서울,도봉구,4057
경기도,남양주시,서울,노원구,39391
경기도,남양주시,서울,은평구,101
경기도,남양주시,서울,서대문구,1270
경기도,남양주시,서울,마포구,1891
경기도,남양주시,서울,양천구,1914
경기도,남양주시,서울,강서구,1541
경기도,남양주시,서울,구로구,218
경기도,남양주시,서울,금천구,1129
경기도,남양주시,서울,영등포구,2370
경기도,남양주시,서울,동작구,1656
경기도,남양주시,서울,관악구,596
경기도,남양주시,서울,서초구,6739
경기도,남양주시,서울,강남구,21065
경기도,남양주시,서울,송파구,18030
경기도,남양주시,서울,강동구,6635
경기도,남양주시,인천,중구,127
경기도,남양주시,인천,미추홀구,379
경기도,남양주시,인천,연수구,133
경기도,남양주시,인천,남동구,3
경기도,남양주시,인천,부평구,574
경기도,남양주시,인천,계양구,308
경기도,남양주시,인천,서구,48
경기도,남양주시,인천,강화군,109
경기도,남양주시,인천,옹진군,4
경기도,남양주시,경기도,수원시,2523
경기도,남양주시,경기도,성남시,10478
경기도,남양주시,경기도,의정부시,7273
경기도,남양주시,경기도,안양시,1796
경기도,남양주시,경기도,부천시,1796
경기도,남양주시,경기도,광명시,2681
경기도,남양주시,경기도,평택시,817
경기도,남양주시,경기도,동두천시,303
경기도,남양주시,경기도,안산시,140
경기도,남양주시,경기도,고양시,1239
경기도,남양주시,경기도,과천시,214
경기도,남양주시,경기도,구리시,50366
경기도,남양주시,경기도,남양주시,766648
경기도,남양주시,경기도,오산시,244
경기도,남양주시,경기도,시흥시,3848
경기도,남양주시,경기도,군포시,364
경기도,남양주시,경기도,의왕시,48
경기도,남양주시,경기도,하남시,17482
경기도,남양주시,경기도,용인시,11665
경기도,남양주시,경기도,파주시,520
경기도,남양주시,경기도,이천시,2750
경기도,남양주시,경기도,안성시,381
경기도,남양주시,경기도,김포시,1550
경기도,남양주시,경기도,화성시,925
경기도,남양주시,경기도,광주시,1609
경기도,남양주시,경기도,양주시,908
경기도,남양주시,경기도,포천시,6702
경기도,남양주시,경기도,여주시,746
경기도,남양주시,경기도,연천군,150
경기도,남양주시,경기도,가평군,3867
경기도,남양주시,경기도,양평군,1954
인천,남동구,서울,종로구,4072
인천,남동구,서울,중구,2528
인천,남동구,서울,용산구,1202
인천,남동구,서울,성동구,644
인천,남동구,서울,광진구,426
인천,남동구,서울,동대문구,793
인천,남동구,서울,중랑구,22
인천,남동구,서울,성북구,1729
인천,남동구,서울,강북구,136
인천,남동구,서울,도봉구,493
인천,남동구,서울,노원구,370
인천,남동구,서울,은평구,918
인천,남동구,서울,서대문구,998
인천,남동구,서울,마포구,3305
인천,남동구,서울,양천구,2754
인천,남동구,서울,강서구,6692
인천,남동구,서울,구로구,5322
인천,남동구,서울,금천구,5295
인천,남동구,서울,영등포구,6401
인천,남동구,서울,동작구,1427
인천,남동구,서울,관악구,3062
인천,남동구,서울,서초구,6259
인천,남동구,서울,강남구,5011
인천,남동구,서울,송파구,2536
인천,남동구,서울,강동구,318
인천,남동구,인천,중구,19573
인천,남동구,인천,동구,10641
인천,남동구,인천,미추홀구,103186
인천,남동구,인천,연수구,94847
인천,남동구,인천,남동구,660713
인천,남동구,인천,부평구,61146
인천,남동구,인천,계양구,16504
인천,남동구,인천,서구,35814
인천,남동구,인천,강화군,1416
인천,남동구,인천,옹진군,394
인천,남동구,경기도,수원시,2631
인천,남동구,경기도,성남시,777
인천,남동구,경기도,의정부시,215
인천,남동구,경기도,안양시,1689
인천,남동구,경기도,부천시,27904
인천,남동구,경기도,광명시,4535
인천,남동구,경기도,평택시,490
인천,남동구,경기도,동두천시,500
인천,남동구,경기도,안산시,10807
인천,남동구,경기도,고양시,2686
인천,남동구,경기도,과천시,896
인천,남동구,경기도,구리시,52
인천,남동구,경기도,남양주시,1
인천,남동구,경기도,오산시,519
인천,남동구,경기도,시흥시,25170
인천,남동구,경기도,군포시,1221
인천,남동구,경기도,의왕시,523
인천,남동구,경기도,하남시,106
인천,남동구,경기도,용인시,1012
인천,남동구,경기도,파주시,1363
인천,남동구,경기도,이천시,120
인천,남동구,경기도,안성시,109
인천,남동구,경기도,김포시,8556
인천,남동구,경기도,화성시,3939
인천,남동구,경기도,광주시,204
인천,남동구,경기도,양주시,207
인천,남동구,경기도,포천시,18
인천,남동구,경기도,여주시,232
인천,미추홀구,서울,종로구,2715
인천,미추홀구,서울,중구,2582
인천,미추홀구,서울,용산구,1376
인천,미추홀구,서울,성동구,662
인천,미추홀구,서울,광진구,270
인천,미추홀구,서울,동대문구,349
인천,미추홀구,서울,중랑구,85
인천,미추홀구,서울,성북구,660
인천,미추홀구,서울,강북구,36
인천,미추홀구,서울,도봉구,34
인천,미추홀구,서울,노원구,40
인천,미추홀구,서울,은평구,386
인천,미추홀구,서울,서대문구,1325
인천,미추홀구,서울,마포구,2007
인천,미추홀구,서울,양천구,2484
인천,미추홀구,서울,강서구,7076
인천,미추홀구,서울,구로구,5864
인천,미추홀구,서울,금천구,1931
인천,미추홀구,서울,영등포구,3999
인천,미추홀구,서울,동작구,2533
인천,미추홀구,서울,관악구,2154
인천,미추홀구,서울,서초구,1917
인천,미추홀구,서울,강남구,4971
인천,미추홀구,서울,송파구,783
인천,미추홀구,서울,강동구,1017
인천,미추홀구,인천,중구,44174
인천,미추홀구,인천,동구,23223
인천,미추홀구,인천,미추홀구,494996
인천,미추홀구,인천,연수구,52759
인천,미추홀구,인천,남동구,102702
인천,미추홀구,인천,부평구,30030
인천,미추홀구,인천,계양구,6140
인천,미추홀구,인천,서구,28145
인천,미추홀구,인천,강화군,817
인천,미추홀구,인천,옹진군,492
인천,미추홀구,경기도,수원시,1685
인천,미추홀구,경기도,성남시,1094
인천,미추홀구,경기도,의정부시,96
인천,미추홀구,경기도,안양시,1081
인천,미추홀구,경기도,부천시,14774
인천,미추홀구,경기도,광명시,1083
인천,미추홀구,경기도,평택시,312
인천,미추홀구,경기도,동두천시,1695
인천,미추홀구,경기도,안산시,4192
인천,미추홀구,경기도,고양시,2613
인천,미추홀구,경기도,과천시,20
인천,미추홀구,경기도,남양주시,375
인천,미추홀구,경기도,오산시,380
인천,미추홀구,경기도,시흥시,3744
인천,미추홀구,경기도,군포시,415
인천,미추홀구,경기도,의왕시,221
인천,미추홀구,경기도,용인시,1120
인천,미추홀구,경기도,파주시,1092
인천,미추홀구,경기도,이천시,11
인천,미추홀구,경기도,안성시,395
인천,미추홀구,경기도,김포시,2742
인천,미추홀구,경기도,화성시,2591
인천,미추홀구,경기도,광주시,344
인천,미추홀구,경기도,양주시,78
인천,미추홀구,경기도,포천시,36
인천,미추홀구,경기도,여주시,101
인천,미추홀구,경기도,양평군,1
경기도,김포시,서울,종로구,1724
경기도,김포시,서울,중구,6653
경기도,김포시,서울,용산구,1990
경기도,김포시,서울,성동구,855
경기도,김포시,서울,광진구,380
경기도,김포시,서울,동대문구,281
경기도,김포시,서울,중랑구,92
경기도,김포시,서울,성북구,665
경기도,김포시,서울,강북구,5
경기도,김포시,서울,도봉구,280
경기도,김포시,서울,노원구,22
경기도,김포시,서울,은평구,1664
경기도,김포시,서울,서대문구,4924
경기도,김포시,서울,마포구,9098
경기도,김포시,서울,양천구,5718
경기도,김포시,서울,강서구,28937
경기도,김포시,서울,구로구,5072
경기도,김포시,서울,금천구,1394
경기도,김포시,서울,영등포구,13185
경기도,김포시,서울,동작구,1556
경기도,김포시,서울,관악구,4127
경기도,김포시,서울,서초구,3037
경기도,김포시,서울,강남구,2919
경기도,김포시,서울,송파구,385
경기도,김포시,인천,중구,4144
경기도,김포시,인천,동구,621
경기도,김포시,인천,미추홀구,2828
경기도,김포시,인천,연수구,8247
경기도,김포시,인천,남동구,8636
경기도,김포시,인천,부평구,6499
경기도,김포시,인천,계양구,11558
경기도,김포시,인천,서구,43132
경기도,김포시,인천,강화군,6610
경기도,김포시,인천,옹진군,8
경기도,김포시,경기도,수원시,300
경기도,김포시,경기도,성남시,522
경기도,김포시,경기도,의정부시,602
경기도,김포시,경기도,안양시,542
경기도,김포시,경기도,부천시,11823
경기도,김포시,경기도,광명시,493
경기도,김포시,경기도,평택시,75
경기도,김포시,경기도,동두천시,89
경기도,김포시,경기도,안산시,1200
경기도,김포시,경기도,고양시,53951
경기도,김포시,경기도,남양주시,1803
경기도,김포시,경기도,시흥시,3152
경기도,김포시,경기도,군포시,68
경기도,김포시,경기도,의왕시,2
경기도,김포시,경기도,하남시,11
경기도,김포시,경기도,용인시,2081
경기도,김포시,경기도,파주시,10218
경기도,김포시,경기도,이천시,471
경기도,김포시,경기도,안성시,13
경기도,김포시,경기도,김포시,514024
경기도,김포시,경기도,화성시,975
경기도,김포시,경기도,양주시,432
경기도,김포시,경기도,포천시,801
경기도,김포시,경기도,여주시,17
경기도,김포시,경기도,가평군,906
서울,금천구,서울,종로구,2881
서울,금천구,서울,중구,6762
서울,금천구,서울,용산구,5314
서울,금천구,서울,성동구,2731
서울,금천구,서울,광진구,1996
서울,금천구,서울,동대문구,2390
서울,금천구,서울,중랑구,1590
서울,금천구,서울,성북구,3151
서울,금천구,서울,강북구,824
서울,금천구,서울,도봉구,702
서울,금천구,서울,노원구,856
서울,금천구,서울,은평구,2869
서울,금천구,서울,서대문구,2892
서울,금천구,서울,마포구,6908
서울,금천구,서울,양천구,10895
서울,금천구,서울,강서구,6744
서울,금천구,서울,구로구,39148
서울,금천구,서울,금천구,313963
서울,금천구,서울,영등포구,18462
서울,금천구,서울,동작구,14662
서울,금천구,서울,관악구,39272
서울,금천구,서울,서초구,12456
서울,금천구,서울,강남구,10939
서울,금천구,서울,송파구,3567
서울,금천구,서울,강동구,1445
서울,금천구,인천,중구,1111
서울,금천구,인천,동구,961
서울,금천구,인천,미추홀구,2143
서울,금천구,인천,연수구,2201
서울,금천구,인천,남동구,7400
서울,금천구,인천,부평구,10716
서울,금천구,인천,계양구,4218
서울,금천구,인천,서구,3184
서울,금천구,인천,옹진군,11
서울,금천구,경기도,수원시,6852
서울,금천구,경기도,성남시,4580
서울,금천구,경기도,의정부시,1165
서울,금천구,경기도,안양시,38884
서울,금천구,경기도,부천시,14124
서울,금천구,경기도,광명시,40183
서울,금천구,경기도,평택시,813
서울,금천구,경기도,동두천시,65
서울,금천구,경기도,안산시,5209
서울,금천구,경기도,고양시,4000
서울,금천구,경기도,과천시,4574
서울,금천구,경기도,구리시,327
서울,금천구,경기도,남양주시,899
서울,금천구,경기도,오산시,1065
서울,금천구,경기도,시흥시,7268
서울,금천구,경기도,군포시,12760
서울,금천구,경기도,의왕시,2690
서울,금천구,경기도,하남시,624
서울,금천구,경기도,용인시,2041
서울,금천구,경기도,파주시,1877
서울,금천구,경기도,이천시,2
서울,금천구,경기도,안성시,3
서울,금천구,경기도,김포시,1303
서울,금천구,경기도,화성시,3459
서울,금천구,경기도,광주시,132
서울,금천구,경기도,양주시,810
서울,금천구,경기도,포천시,4
서울,금천구,경기도,여주시,125
서울,금천구,경기도,가평군,5
경기도,군포시,서울,종로구,2589
경기도,군포시,서울,중구,5939
경기도,군포시,서울,용산구,1683
경기도,군포시,서울,성동구,598
경기도,군포시,서울,광진구,379
경기도,군포시,서울,동대문구,566
경기도,군포시,서울,중랑구,542
경기도,군포시,서울,성북구,890
경기도,군포시,서울,강북구,196
경기도,군포시,서울,도봉구,456
경기도,군포시,서울,노원구,372
경기도,군포시,서울,은평구,67
경기도,군포시,서울,서대문구,954
경기도,군포시,서울,마포구,1478
경기도,군포시,서울,양천구,449
경기도,군포시,서울,강서구,333
경기도,군포시,서울,구로구,3321
경기도,군포시,서울,금천구,13163
경기도,군포시,서울,영등포구,3725
경기도,군포시,서울,동작구,4987
경기도,군포시,서울,관악구,1525
경기도,군포시,서울,서초구,7588
경기도,군포시,서울,강남구,5729
경기도,군포시,서울,송파구,1666
경기도,군포시,서울,강동구,90
경기도,군포시,인천,중구,51
경기도,군포시,인천,동구,20
경기도,군포시,인천,미추홀구,383
경기도,군포시,인천,연수구,1846
경기도,군포시,인천,남동구,1256
경기도,군포시,인천,부평구,1423
경기도,군포시,인천,계양구,207
경기도,군포시,인천,서구,92
경기도,군포시,인천,강화군,35
경기도,군포시,인천,옹진군,196
경기도,군포시,경기도,수원시,22468
경기도,군포시,경기도,성남시,3794
경기도,군포시,경기도,의정부시,1097
경기도,군포시,경기도,안양시,63300
경기도,군포시,경기도,부천시,2131
경기도,군포시,경기도,광명시,3235
경기도,군포시,경기도,평택시,945
경기도,군포시,경기도,안산시,17919
경기도,군포시,경기도,고양시,1712
경기도,군포시,경기도,과천시,6355
경기도,군포시,경기도,남양주시,225
경기도,군포시,경기도,오산시,987
경기도,군포시,경기도,시흥시,4176
경기도,군포시,경기도,군포시,348400
경기도,군포시,경기도,의왕시,22485
경기도,군포시,경기도,하남시,284
경기도,군포시,경기도,용인시,1252
경기도,군포시,경기도,파주시,1700
경기도,군포시,경기도,이천시,139
경기도,군포시,경기도,김포시,65
경기도,군포시,경기도,화성시,5576
경기도,군포시,경기도,광주시,780
경기도,군포시,경기도,양주시,72
경기도,군포시,경기도,포천시,20
경기도,군포시,경기도,양평군,544
경기도,구리시,서울,종로구,3819
경기도,구리시,서울,중구,4730
경기도,구리시,서울,용산구,1079
경기도,구리시,서울,성동구,5846
경기도,구리시,서울,광진구,11418
경기도,구리시,서울,동대문구,7845
경기도,구리시,서울,중랑구,25443
경기도,구리시,서울,성북구,2559
경기도,구리시,서울,강북구,1624
경기도,구리시,서울,도봉구,2642
경기도,구리시,서울,노원구,7997
경기도,구리시,서울,은평구,162
경기도,구리시,서울,서대문구,1190
경기도,구리시,서울,마포구,1366
경기도,구리시,서울,양천구,27
경기도,구리시,서울,강서구,220
경기도,구리시,서울,구로구,636
경기도,구리시,서울,금천구,447
경기도,구리시,서울,영등포구,1117
경기도,구리시,서울,동작구,819
경기도,구리시,서울,관악구,160
경기도,구리시,서울,서초구,3107
경기도,구리시,서울,강남구,9287
경기도,구리시,서울,송파구,5438
경기도,구리시,서울,강동구,5887
경기도,구리시,인천,중구,213
경기도,구리시,인천,남동구,65
경기도,구리시,인천,강화군,84
경기도,구리시,경기도,수원시,538
경기도,구리시,경기도,성남시,7251
경기도,구리시,경기도,의정부시,1471
경기도,구리시,경기도,안양시,702
경기도,구리시,경기도,부천시,179
경기도,구리시,경기도,광명시,183
경기도,구리시,경기도,평택시,334
경기도,구리시,경기도,동두천시,243
경기도,구리시,경기도,안산시,2435
경기도,구리시,경기도,고양시,146
경기도,구리시,경기도,과천시,490
경기도,구리시,경기도,구리시,224532
경기도,구리시,경기도,남양주시,59469
경기도,구리시,경기도,오산시,192
경기도,구리시,경기도,시흥시,2096
경기도,구리시,경기도,의왕시,273
경기도,구리시,경기도,하남시,4015
경기도,구리시,경기도,용인시,436
경기도,구리시,경기도,파주시,540
경기도,구리시,경기도,이천시,38
경기도,구리시,경기도,안성시,104
경기도,구리시,경기도,화성시,1630
경기도,구리시,경기도,광주시,270
경기도,구리시,경기도,양주시,1261
경기도,구리시,경기도,포천시,155
경기도,구리시,경기도,여주시,275
경기도,구리시,경기도,연천군,375
경기도,구리시,경기도,가평군,205
경기도,구리시,경기도,양평군,196
서울,구로구,서울,종로구,8846
서울,구로구,서울,중구,17254
서울,구로구,서울,용산구,7066
서울,구로구,서울,성동구,3368
서울,구로구,서울,광진구,2811
서울,구로구,서울,동대문구,3509
서울,구로구,서울,중랑구,2277
서울,구로구,서울,성북구,4788
서울,구로구,서울,강북구,2822
서울,구로구,서울,도봉구,1050
서울,구로구,서울,노원구,2589
서울,구로구,서울,은평구,2428
서울,구로구,서울,서대문구,5333
서울,구로구,서울,마포구,11460
서울,구로구,서울,양천구,25405
서울,구로구,서울,강서구,16993
서울,구로구,서울,구로구,518901
서울,구로구,서울,금천구,42358
서울,구로구,서울,영등포구,52500
서울,구로구,서울,동작구,19036
서울,구로구,서울,관악구,24981
서울,구로구,서울,서초구,11986
서울,구로구,서울,강남구,13291
서울,구로구,서울,송파구,5371
서울,구로구,서울,강동구,533
서울,구로구,인천,중구,4619
서울,구로구,인천,동구,2176
서울,구로구,인천,미추홀구,4805
서울,구로구,인천,연수구,2698
서울,구로구,인천,남동구,5662
서울,구로구,인천,부평구,11839
서울,구로구,인천,계양구,3758
서울,구로구,인천,서구,3887
서울,구로구,인천,강화군,75
서울,구로구,인천,옹진군,12
서울,구로구,경기도,수원시,7114
서울,구로구,경기도,성남시,5157
서울,구로구,경기도,의정부시,578
서울,구로구,경기도,안양시,13569
서울,구로구,경기도,부천시,44365
서울,구로구,경기도,광명시,42548
서울,구로구,경기도,평택시,864
서울,구로구,경기도,동두천시,144
서울,구로구,경기도,안산시,7760
서울,구로구,경기도,고양시,4865
서울,구로구,경기도,과천시,1074
서울,구로구,경기도,구리시,644
서울,구로구,경기도,남양주시,308
서울,구로구,경기도,오산시,799
서울,구로구,경기도,시흥시,10693
서울,구로구,경기도,군포시,3005
서울,구로구,경기도,의왕시,1835
서울,구로구,경기도,하남시,112
서울,구로구,경기도,용인시,3171
서울,구로구,경기도,파주시,878
서울,구로구,경기도,이천시,16
서울,구로구,경기도,안성시,364
서울,구로구,경기도,김포시,5054
서울,구로구,경기도,화성시,3210
서울,구로구,경기도,광주시,964
서울,구로구,경기도,양주시,148
서울,구로구,경기도,포천시,2
서울,구로구,경기도,여주시,5
서울,구로구,경기도,가평군,182
서울,광진구,서울,종로구,10528
서울,광진구,서울,중구,15161
서울,광진구,서울,용산구,5492
서울,광진구,서울,성동구,39457
서울,광진구,서울,광진구,444055
서울,광진구,서울,동대문구,20542
서울,광진구,서울,중랑구,26960
서울,광진구,서울,성북구,6562
서울,광진구,서울,강북구,3661
서울,광진구,서울,도봉구,3573
서울,광진구,서울,노원구,5353
서울,광진구,서울,은평구,3123
서울,광진구,서울,서대문구,5091
서울,광진구,서울,마포구,6844
서울,광진구,서울,양천구,1634
서울,광진구,서울,강서구,2391
서울,광진구,서울,구로구,3009
서울,광진구,서울,금천구,2459
서울,광진구,서울,영등포구,7651
서울,광진구,서울,동작구,4008
서울,광진구,서울,관악구,4482
서울,광진구,서울,서초구,19353
서울,광진구,서울,강남구,51458
서울,광진구,서울,송파구,47452
서울,광진구,서울,강동구,25599
서울,광진구,인천,중구,2429
서울,광진구,인천,동구,15
서울,광진구,인천,미추홀구,323
서울,광진구,인천,연수구,1265
서울,광진구,인천,남동구,438
서울,광진구,인천,부평구,1039
서울,광진구,인천,계양구,573
서울,광진구,인천,서구,324
서울,광진구,인천,강화군,125
서울,광진구,인천,옹진군,8
서울,광진구,경기도,수원시,2247
서울,광진구,경기도,성남시,11071
서울,광진구,경기도,의정부시,2407
서울,광진구,경기도,안양시,1796
서울,광진구,경기도,부천시,1827
서울,광진구,경기도,광명시,1026
서울,광진구,경기도,평택시,565
서울,광진구,경기도,동두천시,510
서울,광진구,경기도,안산시,642
서울,광진구,경기도,고양시,2422
서울,광진구,경기도,과천시,5000
서울,광진구,경기도,구리시,10629
서울,광진구,경기도,남양주시,11455
서울,광진구,경기도,오산시,97
서울,광진구,경기도,시흥시,583
서울,광진구,경기도,군포시,349
서울,광진구,경기도,의왕시,255
서울,광진구,경기도,하남시,8244
서울,광진구,경기도,용인시,4711
서울,광진구,경기도,파주시,164
서울,광진구,경기도,이천시,412
서울,광진구,경기도,안성시,977
서울,광진구,경기도,김포시,3504
서울,광진구,경기도,화성시,4982
서울,광진구,경기도,광주시,2961
서울,광진구,경기도,양주시,146
서울,광진구,경기도,포천시,276
서울,광진구,경기도,여주시,187
서울,광진구,경기도,연천군,28
서울,광진구,경기도,가평군,65
서울,광진구,경기도,양평군,33
경기도,광주시,서울,종로구,542
경기도,광주시,서울,중구,1114
경기도,광주시,서울,성동구,1209
경기도,광주시,서울,광진구,2691
경기도,광주시,서울,동대문구,1385
경기도,광주시,서울,중랑구,1245
경기도,광주시,서울,성북구,415
경기도,광주시,서울,강북구,975
경기도,광주시,서울,도봉구,336
경기도,광주시,서울,노원구,1088
경기도,광주시,서울,은평구,210
경기도,광주시,서울,서대문구,459
경기도,광주시,서울,양천구,163
경기도,광주시,서울,강서구,133
경기도,광주시,서울,구로구,955
경기도,광주시,서울,금천구,70
경기도,광주시,서울,영등포구,161
경기도,광주시,서울,동작구,551
경기도,광주시,서울,관악구,154
경기도,광주시,서울,서초구,3478
경기도,광주시,서울,강남구,7348
경기도,광주시,서울,송파구,17285
경기도,광주시,서울,강동구,5683
경기도,광주시,인천,중구,147
경기도,광주시,인천,동구,23
경기도,광주시,인천,미추홀구,448
경기도,광주시,인천,연수구,79
경기도,광주시,인천,남동구,172
경기도,광주시,인천,부평구,90
경기도,광주시,인천,계양구,15
경기도,광주시,인천,강화군,35
경기도,광주시,경기도,수원시,1074
경기도,광주시,경기도,성남시,55241
경기도,광주시,경기도,의정부시,629
경기도,광주시,경기도,안양시,201
경기도,광주시,경기도,부천시,133
경기도,광주시,경기도,광명시,18
경기도,광주시,경기도,평택시,1094
경기도,광주시,경기도,동두천시,7
경기도,광주시,경기도,안산시,348
경기도,광주시,경기도,고양시,167
경기도,광주시,경기도,과천시,212
경기도,광주시,경기도,구리시,232
경기도,광주시,경기도,남양주시,1539
경기도,광주시,경기도,오산시,1228
경기도,광주시,경기도,시흥시,1242
경기도,광주시,경기도,군포시,537
경기도,광주시,경기도,의왕시,454
경기도,광주시,경기도,하남시,9123
경기도,광주시,경기도,용인시,12226
경기도,광주시,경기도,파주시,50
경기도,광주시,경기도,이천시,4001
경기도,광주시,경기도,안성시,445
경기도,광주시,경기도,화성시,972
경기도,광주시,경기도,광주시,453827
경기도,광주시,경기도,양주시,36
경기도,광주시,경기도,포천시,114
경기도,광주시,경기도,여주시,866
경기도,광주시,경기도,연천군,127
경기도,광주시,경기도,가평군,2
경기도,광주시,경기도,양평군,1483
경기도,광명시,서울,종로구,4354
경기도,광명시,서울,중구,7179
경기도,광명시,서울,용산구,1804
경기도,광명시,서울,성동구,2271
경기도,광명시,서울,광진구,914
경기도,광명시,서울,동대문구,719
경기도,광명시,서울,중랑구,292
경기도,광명시,서울,성북구,408
경기도,광명시,서울,도봉구,19
경기도,광명시,서울,노원구,213
경기도,광명시,서울,은평구,895
경기도,광명시,서울,서대문구,2187
경기도,광명시,서울,마포구,4051
경기도,광명시,서울,양천구,10510
경기도,광명시,서울,강서구,9072
경기도,광명시,서울,구로구,45418
경기도,광명시,서울,금천구,36793
경기도,광명시,서울,영등포구,14976
경기도,광명시,서울,동작구,9496
경기도,광명시,서울,관악구,9900
경기도,광명시,서울,서초구,9034
경기도,광명시,서울,강남구,8739
경기도,광명시,서울,송파구,2052
경기도,광명시,서울,강동구,94
경기도,광명시,인천,중구,819
경기도,광명시,인천,동구,646
경기도,광명시,인천,미추홀구,1148
경기도,광명시,인천,연수구,1617
경기도,광명시,인천,남동구,4273
경기도,광명시,인천,부평구,5869
경기도,광명시,인천,계양구,807
경기도,광명시,인천,서구,1827
경기도,광명시,인천,옹진군,4
경기도,광명시,경기도,수원시,3456
경기도,광명시,경기도,성남시,2521
경기도,광명시,경기도,안양시,18037
경기도,광명시,경기도,부천시,13557
경기도,광명시,경기도,광명시,380385
경기도,광명시,경기도,평택시,659
경기도,광명시,경기도,안산시,7000
경기도,광명시,경기도,고양시,920
경기도,광명시,경기도,과천시,320
경기도,광명시,경기도,남양주시,697
경기도,광명시,경기도,오산시,137
경기도,광명시,경기도,시흥시,11006
경기도,광명시,경기도,군포시,3109
경기도,광명시,경기도,의왕시,912
경기도,광명시,경기도,하남시,69
경기도,광명시,경기도,용인시,1557
경기도,광명시,경기도,파주시,822
경기도,광명시,경기도,이천시,1
경기도,광명시,경기도,안성시,307
경기도,광명시,경기도,김포시,469
경기도,광명시,경기도,화성시,2196
경기도,광명시,경기도,광주시,16
경기도,광명시,경기도,포천시,227
경기도,광명시,경기도,여주시,13
서울,관악구,서울,종로구,9810
서울,관악구,서울,중구,21191
서울,관악구,서울,용산구,8947
서울,관악구,서울,성동구,5873
서울,관악구,서울,광진구,3694
서울,관악구,서울,동대문구,2050
서울,관악구,서울,중랑구,1173
서울,관악구,서울,성북구,4296
서울,관악구,서울,강북구,826
서울,관악구,서울,도봉구,980
서울,관악구,서울,노원구,2059
서울,관악구,서울,은평구,1937
서울,관악구,서울,서대문구,5549
서울,관악구,서울,마포구,16768
서울,관악구,서울,양천구,5578
서울,관악구,서울,강서구,7534
서울,관악구,서울,구로구,28692
서울,관악구,서울,금천구,34435
서울,관악구,서울,영등포구,32834
서울,관악구,서울,동작구,64387
서울,관악구,서울,관악구,616161
서울,관악구,서울,서초구,58290
서울,관악구,서울,강남구,47349
서울,관악구,서울,송파구,13901
서울,관악구,서울,강동구,2998
서울,관악구,인천,중구,889
서울,관악구,인천,동구,466
서울,관악구,인천,미추홀구,2002
서울,관악구,인천,연수구,1784
서울,관악구,인천,남동구,2309
서울,관악구,인천,부평구,3274
서울,관악구,인천,계양구,3306
서울,관악구,인천,서구,1436
서울,관악구,인천,강화군,300
서울,관악구,인천,옹진군,18
서울,관악구,경기도,수원시,4203
서울,관악구,경기도,성남시,9867
서울,관악구,경기도,의정부시,311
서울,관악구,경기도,안양시,14249
서울,관악구,경기도,부천시,6389
서울,관악구,경기도,광명시,9271
서울,관악구,경기도,평택시,922
서울,관악구,경기도,동두천시,106
서울,관악구,경기도,안산시,3897
서울,관악구,경기도,고양시,2715
서울,관악구,경기도,과천시,7992
서울,관악구,경기도,구리시,179
서울,관악구,경기도,남양주시,1325
서울,관악구,경기도,오산시,317
서울,관악구,경기도,시흥시,4149
서울,관악구,경기도,군포시,2277
서울,관악구,경기도,의왕시,1723
서울,관악구,경기도,하남시,217
서울,관악구,경기도,용인시,4565
서울,관악구,경기도,파주시,380
서울,관악구,경기도,이천시,8
서울,관악구,경기도,안성시,29
서울,관악구,경기도,김포시,4635
서울,관악구,경기도,화성시,2299
서울,관악구,경기도,광주시,173
서울,관악구,경기도,양주시,157
서울,관악구,경기도,여주시,79
서울,관악구,경기도,연천군,119
서울,관악구,경기도,가평군,45
서울,관악구,경기도,양평군,26
경기도,과천시,서울,종로구,2326
경기도,과천시,서울,중구,2384
경기도,과천시,서울,용산구,1820
경기도,과천시,서울,성동구,3467
경기도,과천시,서울,광진구,4030
경기도,과천시,서울,동대문구,565
경기도,과천시,서울,성북구,3508
경기도,과천시,서울,강북구,63
경기도,과천시,서울,도봉구,190
경기도,과천시,서울,노원구,4303
경기도,과천시,서울,은평구,543
경기도,과천시,서울,서대문구,455
경기도,과천시,서울,마포구,1363
경기도,과천시,서울,양천구,2766
경기도,과천시,서울,강서구,873
경기도,과천시,서울,구로구,1005
경기도,과천시,서울,금천구,1343
경기도,과천시,서울,영등포구,4219
경기도,과천시,서울,동작구,5748
경기도,과천시,서울,관악구,5476
경기도,과천시,서울,서초구,10515
경기도,과천시,서울,강남구,6881
경기도,과천시,서울,송파구,2485
경기도,과천시,서울,강동구,1734
경기도,과천시,인천,중구,102
경기도,과천시,인천,미추홀구,48
경기도,과천시,인천,연수구,169
경기도,과천시,인천,남동구,963
경기도,과천시,인천,부평구,93
경기도,과천시,인천,계양구,676
경기도,과천시,인천,서구,103
경기도,과천시,인천,옹진군,2
경기도,과천시,경기도,수원시,2181
경기도,과천시,경기도,성남시,2347
경기도,과천시,경기도,의정부시,242
경기도,과천시,경기도,안양시,15292
경기도,과천시,경기도,부천시,592
경기도,과천시,경기도,광명시,585
경기도,과천시,경기도,평택시,111
경기도,과천시,경기도,안산시,4507
경기도,과천시,경기도,고양시,902
경기도,과천시,경기도,과천시,63609
경기도,과천시,경기도,구리시,185
경기도,과천시,경기도,남양주시,178
경기도,과천시,경기도,오산시,142
경기도,과천시,경기도,시흥시,2303
경기도,과천시,경기도,군포시,5565
경기도,과천시,경기도,의왕시,4743
경기도,과천시,경기도,하남시,434
경기도,과천시,경기도,용인시,1615
경기도,과천시,경기도,안성시,149
경기도,과천시,경기도,화성시,1650
경기도,과천시,경기도,광주시,184
경기도,과천시,경기도,여주시,150
경기도,고양시,서울,종로구,25059
경기도,고양시,서울,중구,31561
경기도,고양시,서울,용산구,9169
경기도,고양시,서울,성동구,6647
경기도,고양시,서울,광진구,2438
경기도,고양시,서울,동대문구,5563
경기도,고양시,서울,중랑구,1046
경기도,고양시,서울,성북구,9221
경기도,고양시,서울,강북구,1792
경기도,고양시,서울,도봉구,4423
경기도,고양시,서울,노원구,7161
경기도,고양시,서울,은평구,60107
경기도,고양시,서울,서대문구,23274
경기도,고양시,서울,마포구,38851
경기도,고양시,서울,양천구,8043
경기도,고양시,서울,강서구,25265
경기도,고양시,서울,구로구,5268
경기도,고양시,서울,금천구,3287
경기도,고양시,서울,영등포구,29755
경기도,고양시,서울,동작구,3748
경기도,고양시,서울,관악구,3024
경기도,고양시,서울,서초구,12647
경기도,고양시,서울,강남구,18566
경기도,고양시,서울,송파구,3195
경기도,고양시,서울,강동구,3095
경기도,고양시,인천,중구,6648
경기도,고양시,인천,동구,379
경기도,고양시,인천,미추홀구,1519
경기도,고양시,인천,연수구,996
경기도,고양시,인천,남동구,3157
경기도,고양시,인천,부평구,7712
경기도,고양시,인천,계양구,5742
경기도,고양시,인천,서구,12492
경기도,고양시,인천,강화군,5833
경기도,고양시,인천,옹진군,188
경기도,고양시,경기도,수원시,3063
경기도,고양시,경기도,성남시,12490
경기도,고양시,경기도,의정부시,3375
경기도,고양시,경기도,안양시,3272
경기도,고양시,경기도,부천시,16323
경기도,고양시,경기도,광명시,1589
경기도,고양시,경기도,평택시,1928
경기도,고양시,경기도,동두천시,676
경기도,고양시,경기도,안산시,981
경기도,고양시,경기도,고양시,1438352
경기도,고양시,경기도,과천시,1142
경기도,고양시,경기도,구리시,156
경기도,고양시,경기도,남양주시,1070
경기도,고양시,경기도,오산시,365
경기도,고양시,경기도,시흥시,5383
경기도,고양시,경기도,군포시,1754
경기도,고양시,경기도,의왕시,532
경기도,고양시,경기도,하남시,4080
경기도,고양시,경기도,용인시,4261
경기도,고양시,경기도,파주시,91415
경기도,고양시,경기도,이천시,1456
경기도,고양시,경기도,안성시,1015
경기도,고양시,경기도,김포시,58674
경기도,고양시,경기도,화성시,1503
경기도,고양시,경기도,광주시,126
경기도,고양시,경기도,양주시,5627
경기도,고양시,경기도,포천시,2248
경기도,고양시,경기도,여주시,197
경기도,고양시,경기도,연천군,292
경기도,고양시,경기도,가평군,49
경기도,고양시,경기도,양평군,98
인천,계양구,서울,종로구,2565
인천,계양구,서울,중구,4364
인천,계양구,서울,용산구,2075
인천,계양구,서울,성동구,2847
인천,계양구,서울,광진구,525
인천,계양구,서울,동대문구,696
인천,계양구,서울,중랑구,95
인천,계양구,서울,성북구,622
인천,계양구,서울,강북구,59
인천,계양구,서울,도봉구,125
인천,계양구,서울,노원구,976
인천,계양구,서울,은평구,475
인천,계양구,서울,서대문구,2025
인천,계양구,서울,마포구,3680
인천,계양구,서울,양천구,2575
인천,계양구,서울,강서구,9451
인천,계양구,서울,구로구,3773
인천,계양구,서울,금천구,4170
인천,계양구,서울,영등포구,4796
인천,계양구,서울,동작구,1179
인천,계양구,서울,관악구,2823
인천,계양구,서울,서초구,2810
인천,계양구,서울,강남구,5253
인천,계양구,서울,송파구,769
인천,계양구,서울,강동구,141
인천,계양구,인천,중구,9375
인천,계양구,인천,동구,3982
인천,계양구,인천,미추홀구,6561
인천,계양구,인천,연수구,7699
인천,계양구,인천,남동구,16494
인천,계양구,인천,부평구,63618
인천,계양구,인천,계양구,304260
인천,계양구,인천,서구,31001
인천,계양구,인천,강화군,631
인천,계양구,인천,옹진군,16
인천,계양구,경기도,수원시,2067
인천,계양구,경기도,성남시,325
인천,계양구,경기도,의정부시,230
인천,계양구,경기도,안양시,952
인천,계양구,경기도,부천시,19816
인천,계양구,경기도,광명시,715
인천,계양구,경기도,평택시,308
인천,계양구,경기도,동두천시,140
인천,계양구,경기도,안산시,1213
인천,계양구,경기도,고양시,5195
인천,계양구,경기도,과천시,141
인천,계양구,경기도,남양주시,201
인천,계양구,경기도,오산시,17
인천,계양구,경기도,시흥시,2801
인천,계양구,경기도,군포시,185
인천,계양구,경기도,의왕시,59
인천,계양구,경기도,하남시,72
인천,계양구,경기도,용인시,1008
인천,계양구,경기도,파주시,1992
인천,계양구,경기도,이천시,723
인천,계양구,경기도,안성시,2
인천,계양구,경기도,김포시,10333
인천,계양구,경기도,화성시,1044
인천,계양구,경기도,광주시,14
인천,계양구,경기도,양주시,64
인천,계양구,경기도,포천시,138
인천,계양구,경기도,여주시,112
인천,계양구,경기도,연천군,255
인천,계양구,경기도,가평군,54
인천,계양구,경기도,양평군,41
인천,강화군,서울,종로구,18
인천,강화군,서울,중구,76
인천,강화군,서울,광진구,163
인천,강화군,서울,성북구,244
인천,강화군,서울,은평구,1057
인천,강화군,서울,서대문구,57
인천,강화군,서울,마포구,48
인천,강화군,서울,양천구,902
인천,강화군,서울,강서구,1187
인천,강화군,서울,구로구,94
인천,강화군,서울,영등포구,431
인천,강화군,서울,관악구,310
인천,강화군,서울,송파구,52
인천,강화군,인천,중구,632
인천,강화군,인천,동구,641
인천,강화군,인천,미추홀구,392
인천,강화군,인천,연수구,540
인천,강화군,인천,남동구,1753
인천,강화군,인천,부평구,1152
인천,강화군,인천,계양구,1074
인천,강화군,인천,서구,2728
인천,강화군,인천,강화군,125099
인천,강화군,인천,옹진군,287
인천,강화군,경기도,수원시,399
인천,강화군,경기도,성남시,55
인천,강화군,경기도,안양시,556
인천,강화군,경기도,부천시,68
인천,강화군,경기도,안산시,6
인천,강화군,경기도,고양시,5824
인천,강화군,경기도,구리시,365
인천,강화군,경기도,남양주시,78
인천,강화군,경기도,군포시,67
인천,강화군,경기도,파주시,4
인천,강화군,경기도,김포시,6808
인천,강화군,경기도,연천군,269
서울,강서구,서울,종로구,8405
서울,강서구,서울,중구,16855
서울,강서구,서울,용산구,5464
서울,강서구,서울,성동구,4890
서울,강서구,서울,광진구,2638
서울,강서구,서울,동대문구,6837
서울,강서구,서울,중랑구,1623
서울,강서구,서울,성북구,5513
서울,강서구,서울,강북구,1868
서울,강서구,서울,도봉구,659
서울,강서구,서울,노원구,3471
서울,강서구,서울,은평구,6995
서울,강서구,서울,서대문구,7761
서울,강서구,서울,마포구,23716
서울,강서구,서울,양천구,88323
서울,강서구,서울,강서구,649099
서울,강서구,서울,구로구,17302
서울,강서구,서울,금천구,7137
서울,강서구,서울,영등포구,44447
서울,강서구,서울,동작구,9347
서울,강서구,서울,관악구,7352
서울,강서구,서울,서초구,11158
서울,강서구,서울,강남구,21335
서울,강서구,서울,송파구,5079
서울,강서구,서울,강동구,1294
서울,강서구,인천,중구,8001
서울,강서구,인천,동구,736
서울,강서구,인천,미추홀구,2061
서울,강서구,인천,연수구,4986
서울,강서구,인천,남동구,7479
서울,강서구,인천,부평구,6164
서울,강서구,인천,계양구,10693
서울,강서구,인천,서구,9814
서울,강서구,인천,강화군,852
서울,강서구,인천,옹진군,12
서울,강서구,경기도,수원시,3510
서울,강서구,경기도,성남시,6683
서울,강서구,경기도,의정부시,405
서울,강서구,경기도,안양시,4261
서울,강서구,경기도,부천시,28432
서울,강서구,경기도,광명시,7172
서울,강서구,경기도,평택시,486
서울,강서구,경기도,동두천시,490
서울,강서구,경기도,안산시,2949
서울,강서구,경기도,고양시,22896
서울,강서구,경기도,과천시,966
서울,강서구,경기도,구리시,227
서울,강서구,경기도,남양주시,1181
서울,강서구,경기도,오산시,90
서울,강서구,경기도,시흥시,2568
서울,강서구,경기도,군포시,1011
서울,강서구,경기도,의왕시,493
서울,강서구,경기도,하남시,344
서울,강서구,경기도,용인시,13165
서울,강서구,경기도,파주시,5248
서울,강서구,경기도,안성시,28
서울,강서구,경기도,김포시,26372
서울,강서구,경기도,화성시,628
서울,강서구,경기도,광주시,209
서울,강서구,경기도,양주시,1032
서울,강서구,경기도,포천시,107
서울,강서구,경기도,가평군,1020
서울,강북구,서울,종로구,29025
서울,강북구,서울,중구,20423
서울,강북구,서울,용산구,4623
서울,강북구,서울,성동구,5170
서울,강북구,서울,광진구,3049
서울,강북구,서울,동대문구,13956
서울,강북구,서울,중랑구,6005
서울,강북구,서울,성북구,50379
서울,강북구,서울,강북구,330002
서울,강북구,서울,도봉구,46660
서울,강북구,서울,노원구,22757
서울,강북구,서울,은평구,775
서울,강북구,서울,서대문구,3374
서울,강북구,서울,마포구,5099
서울,강북구,서울,양천구,596
서울,강북구,서울,강서구,1856
서울,강북구,서울,구로구,2881
서울,강북구,서울,금천구,687
서울,강북구,서울,영등포구,4999
서울,강북구,서울,동작구,4067
서울,강북구,서울,관악구,836
서울,강북구,서울,서초구,5642
서울,강북구,서울,강남구,9014
서울,강북구,서울,송파구,4430
서울,강북구,서울,강동구,1223
서울,강북구,인천,중구,304
서울,강북구,인천,미추홀구,141
서울,강북구,인천,연수구,2216
서울,강북구,인천,남동구,12
서울,강북구,인천,부평구,354
서울,강북구,인천,계양구,67
서울,강북구,인천,서구,238
서울,강북구,인천,옹진군,5
서울,강북구,경기도,수원시,417
서울,강북구,경기도,성남시,948
서울,강북구,경기도,의정부시,9449
서울,강북구,경기도,안양시,703
서울,강북구,경기도,부천시,1653
서울,강북구,경기도,광명시,36
서울,강북구,경기도,평택시,67
서울,강북구,경기도,동두천시,618
서울,강북구,경기도,안산시,268
서울,강북구,경기도,고양시,903
서울,강북구,경기도,과천시,202
서울,강북구,경기도,구리시,1328
서울,강북구,경기도,남양주시,2394
서울,강북구,경기도,오산시,95
서울,강북구,경기도,시흥시,92
서울,강북구,경기도,군포시,161
서울,강북구,경기도,의왕시,107
서울,강북구,경기도,하남시,2389
서울,강북구,경기도,용인시,616
서울,강북구,경기도,파주시,365
서울,강북구,경기도,이천시,14
서울,강북구,경기도,김포시,3
서울,강북구,경기도,화성시,158
서울,강북구,경기도,광주시,781
서울,강북구,경기도,양주시,2648
서울,강북구,경기도,포천시,2957
서울,강북구,경기도,여주시,112
서울,강북구,경기도,연천군,40
서울,강북구,경기도,가평군,430
서울,강북구,경기도,양평군,9
서울,강동구,서울,종로구,8209
서울,강동구,서울,중구,14733
서울,강동구,서울,용산구,2797
서울,강동구,서울,성동구,8597
서울,강동구,서울,광진구,20741
서울,강동구,서울,동대문구,8316
서울,강동구,서울,중랑구,5434
서울,강동구,서울,성북구,3280
서울,강동구,서울,강북구,1437
서울,강동구,서울,도봉구,1058
서울,강동구,서울,노원구,4395
서울,강동구,서울,은평구,995
서울,강동구,서울,서대문구,5890
서울,강동구,서울,마포구,5638
서울,강동구,서울,양천구,1202
서울,강동구,서울,강서구,1594
서울,강동구,서울,구로구,705
서울,강동구,서울,금천구,972
서울,강동구,서울,영등포구,5606
서울,강동구,서울,동작구,1916
서울,강동구,서울,관악구,2942
서울,강동구,서울,서초구,18269
서울,강동구,서울,강남구,30336
서울,강동구,서울,송파구,88562
서울,강동구,서울,강동구,491826
서울,강동구,인천,미추홀구,843
서울,강동구,인천,연수구,690
서울,강동구,인천,남동구,294
서울,강동구,인천,부평구,168
서울,강동구,인천,계양구,382
서울,강동구,인천,서구,142
서울,강동구,인천,옹진군,7
서울,강동구,경기도,수원시,5272
서울,강동구,경기도,성남시,18079
서울,강동구,경기도,의정부시,1425
서울,강동구,경기도,안양시,1980
서울,강동구,경기도,부천시,703
서울,강동구,경기도,광명시,78
서울,강동구,경기도,평택시,967
서울,강동구,경기도,동두천시,198
서울,강동구,경기도,안산시,943
서울,강동구,경기도,고양시,2103
서울,강동구,경기도,과천시,1647
서울,강동구,경기도,구리시,5744
서울,강동구,경기도,남양주시,6921
서울,강동구,경기도,오산시,396
서울,강동구,경기도,군포시,82
서울,강동구,경기도,의왕시,24
서울,강동구,경기도,하남시,44099
서울,강동구,경기도,용인시,1867
서울,강동구,경기도,파주시,278
서울,강동구,경기도,이천시,757
서울,강동구,경기도,안성시,9
서울,강동구,경기도,화성시,2118
서울,강동구,경기도,광주시,4552
서울,강동구,경기도,양주시,755
서울,강동구,경기도,포천시,1235
서울,강동구,경기도,여주시,220
서울,강동구,경기도,가평군,474
서울,강동구,경기도,양평군,622
서울,강남구,서울,종로구,29473
서울,강남구,서울,중구,52916
서울,강남구,서울,용산구,25364
서울,강남구,서울,성동구,38666
서울,강남구,서울,광진구,51290
서울,강남구,서울,동대문구,22388
서울,강남구,서울,중랑구,30638
서울,강남구,서울,성북구,24306
서울,강남구,서울,강북구,11146
서울,강남구,서울,도봉구,8817
서울,강남구,서울,노원구,19725
서울,강남구,서울,은평구,23625
서울,강남구,서울,서대문구,12587
서울,강남구,서울,마포구,25842
서울,강남구,서울,양천구,15540
서울,강남구,서울,강서구,24678
서울,강남구,서울,구로구,12938
서울,강남구,서울,금천구,9880
서울,강남구,서울,영등포구,33284
서울,강남구,서울,동작구,34459
서울,강남구,서울,관악구,46543
서울,강남구,서울,서초구,191209
서울,강남구,서울,강남구,893793
서울,강남구,서울,송파구,147070
서울,강남구,서울,강동구,34487
서울,강남구,인천,중구,1419
서울,강남구,인천,동구,130
서울,강남구,인천,미추홀구,5656
서울,강남구,인천,연수구,10099
서울,강남구,인천,남동구,6798
서울,강남구,인천,부평구,8815
서울,강남구,인천,계양구,4881
서울,강남구,인천,서구,6230
서울,강남구,인천,옹진군,5
서울,강남구,경기도,수원시,30334
서울,강남구,경기도,성남시,105130
서울,강남구,경기도,의정부시,7208
서울,강남구,경기도,안양시,14918
서울,강남구,경기도,부천시,12804
서울,강남구,경기도,광명시,8972
서울,강남구,경기도,평택시,785
서울,강남구,경기도,동두천시,1295
서울,강남구,경기도,안산시,6893
서울,강남구,경기도,고양시,15855
서울,강남구,경기도,과천시,8139
서울,강남구,경기도,구리시,9087
서울,강남구,경기도,남양주시,19060
서울,강남구,경기도,오산시,1492
서울,강남구,경기도,시흥시,4177
서울,강남구,경기도,군포시,5155
서울,강남구,경기도,의왕시,3260
서울,강남구,경기도,하남시,12158
서울,강남구,경기도,용인시,42459
서울,강남구,경기도,파주시,1419
서울,강남구,경기도,이천시,1751
서울,강남구,경기도,안성시,1555
서울,강남구,경기도,김포시,2740
서울,강남구,경기도,화성시,9634
서울,강남구,경기도,광주시,6692
서울,강남구,경기도,양주시,1411
서울,강남구,경기도,포천시,683
서울,강남구,경기도,여주시,409
서울,강남구,경기도,연천군,104
서울,강남구,경기도,가평군,1329
서울,강남구,경기도,양평군,753
경기도,가평군,서울,종로구,28
경기도,가평군,서울,중구,6
경기도,가평군,서울,용산구,177
경기도,가평군,서울,성동구,70
경기도,가평군,서울,광진구,106
경기도,가평군,서울,동대문구,245
경기도,가평군,서울,중랑구,1492
경기도,가평군,서울,성북구,670
경기도,가평군,서울,강북구,10
경기도,가평군,서울,도봉구,273
경기도,가평군,서울,노원구,50
경기도,가평군,서울,은평구,18
경기도,가평군,서울,마포구,340
경기도,가평군,서울,양천구,86
경기도,가평군,서울,강서구,1123
경기도,가평군,서울,구로구,202
경기도,가평군,서울,금천구,3
경기도,가평군,서울,영등포구,673
경기도,가평군,서울,동작구,200
경기도,가평군,서울,관악구,183
경기도,가평군,서울,서초구,21
경기도,가평군,서울,강남구,201
경기도,가평군,서울,송파구,624
경기도,가평군,서울,강동구,283
경기도,가평군,인천,연수구,94
경기도,가평군,인천,계양구,96
경기도,가평군,인천,서구,79
경기도,가평군,경기도,수원시,74
경기도,가평군,경기도,성남시,9
경기도,가평군,경기도,의정부시,253
경기도,가평군,경기도,안양시,10
경기도,가평군,경기도,부천시,1149
경기도,가평군,경기도,고양시,55
경기도,가평군,경기도,구리시,125
경기도,가평군,경기도,남양주시,4844
경기도,가평군,경기도,오산시,2
경기도,가평군,경기도,시흥시,24
경기도,가평군,경기도,군포시,4
경기도,가평군,경기도,용인시,287
경기도,가평군,경기도,파주시,26
경기도,가평군,경기도,이천시,100
경기도,가평군,경기도,광주시,23
경기도,가평군,경기도,양주시,108
경기도,가평군,경기도,포천시,321
경기도,가평군,경기도,연천군,26
경기도,가평군,경기도,가평군,103519
경기도,가평군,경기도,양평군,149
